都道府県名,市町村名,過疎区分,みなされる区域,旧法下の区分
北海道,函館市,一部過疎,戸井町|恵山町|椴法華村|南茅部町,一部過疎
北海道,小樽市,全部過疎,,全部過疎
北海道,釧路市,みなし過疎,,みなし過疎
北海道,北見市,一部過疎,常呂町|端野町|留辺蘂町,一部過疎
北海道,夕張市,全部過疎,,全部過疎
北海道,岩見沢市,一部過疎,北村|栗沢町,一部過疎
北海道,留萌市,全部過疎,,全部過疎
北海道,稚内市,全部過疎,,全部過疎
北海道,美唄市,全部過疎,,全部過疎
北海道,芦別市,全部過疎,,全部過疎
北海道,赤平市,全部過疎,,全部過疎
北海道,紋別市,全部過疎,,全部過疎
北海道,士別市,全部過疎,,全部過疎
北海道,名寄市,全部過疎,,全部過疎
北海道,三笠市,全部過疎,,全部過疎
北海道,根室市,全部過疎,,全部過疎
北海道,砂川市,全部過疎,,全部過疎
北海道,歌志内市,全部過疎,,全部過疎
北海道,深川市,全部過疎,,全部過疎
北海道,富良野市,全部過疎,,非該当
北海道,伊達市,一部過疎,大滝村,一部過疎
北海道,石狩市,一部過疎,厚田村|浜益村,一部過疎
北海道,新篠津村,全部過疎,,非該当
北海道,松前町,全部過疎,,全部過疎
北海道,福島町,全部過疎,,全部過疎
北海道,知内町,全部過疎,,全部過疎
北海道,木古内町,全部過疎,,全部過疎
北海道,鹿部町,全部過疎,,非該当
北海道,森町,全部過疎,,全部過疎
北海道,八雲町,全部過疎,,全部過疎
北海道,長万部町,全部過疎,,全部過疎
北海道,江差町,全部過疎,,全部過疎
北海道,上ノ国町,全部過疎,,全部過疎
北海道,厚沢部町,全部過疎,,全部過疎
北海道,乙部町,全部過疎,,全部過疎
北海道,奥尻町,全部過疎,,全部過疎
北海道,今金町,全部過疎,,全部過疎
北海道,せたな町,全部過疎,,全部過疎
北海道,島牧村,全部過疎,,全部過疎
北海道,寿都町,全部過疎,,全部過疎
北海道,黒松内町,全部過疎,,全部過疎
北海道,蘭越町,全部過疎,,全部過疎
北海道,ニセコ町,全部過疎,,全部過疎
北海道,真狩村,全部過疎,,全部過疎
北海道,留寿都村,全部過疎,,全部過疎
北海道,喜茂別町,全部過疎,,全部過疎
北海道,共和町,全部過疎,,全部過疎
北海道,岩内町,全部過疎,,全部過疎
北海道,神恵内村,全部過疎,,全部過疎
北海道,積丹町,全部過疎,,全部過疎
北海道,古平町,全部過疎,,全部過疎
北海道,仁木町,全部過疎,,全部過疎
北海道,余市町,全部過疎,,全部過疎
北海道,赤井川村,全部過疎,,全部過疎
北海道,奈井江町,全部過疎,,全部過疎
北海道,上砂川町,全部過疎,,全部過疎
北海道,由仁町,全部過疎,,全部過疎
北海道,長沼町,全部過疎,,全部過疎
北海道,栗山町,全部過疎,,全部過疎
北海道,月形町,全部過疎,,全部過疎
北海道,浦臼町,全部過疎,,全部過疎
北海道,新十津川町,全部過疎,,全部過疎
北海道,妹背牛町,全部過疎,,全部過疎
北海道,秩父別町,全部過疎,,全部過疎
北海道,雨竜町,全部過疎,,全部過疎
北海道,北竜町,全部過疎,,全部過疎
北海道,沼田町,全部過疎,,全部過疎
北海道,鷹栖町,全部過疎,,全部過疎
北海道,当麻町,全部過疎,,全部過疎
北海道,比布町,全部過疎,,全部過疎
北海道,愛別町,全部過疎,,全部過疎
北海道,上川町,全部過疎,,全部過疎
北海道,美瑛町,全部過疎,,全部過疎
北海道,上富良野町,全部過疎,,全部過疎
北海道,中富良野町,全部過疎,,全部過疎
北海道,南富良野町,全部過疎,,全部過疎
北海道,占冠村,全部過疎,,全部過疎
北海道,和寒町,全部過疎,,全部過疎
北海道,剣淵町,全部過疎,,全部過疎
北海道,下川町,全部過疎,,全部過疎
北海道,美深町,全部過疎,,全部過疎
北海道,音威子府村,全部過疎,,全部過疎
北海道,中川町,全部過疎,,全部過疎
北海道,幌加内町,全部過疎,,全部過疎
北海道,増毛町,全部過疎,,全部過疎
北海道,小平町,全部過疎,,全部過疎
北海道,苫前町,全部過疎,,全部過疎
北海道,羽幌町,全部過疎,,全部過疎
北海道,初山別村,全部過疎,,全部過疎
北海道,遠別町,全部過疎,,全部過疎
北海道,天塩町,全部過疎,,全部過疎
北海道,猿払村,全部過疎,,全部過疎
北海道,浜頓別町,全部過疎,,全部過疎
北海道,中頓別町,全部過疎,,全部過疎
北海道,枝幸町,全部過疎,,全部過疎
北海道,豊富町,全部過疎,,全部過疎
北海道,礼文町,全部過疎,,全部過疎
北海道,利尻町,全部過疎,,全部過疎
北海道,利尻富士町,全部過疎,,全部過疎
北海道,幌延町,全部過疎,,全部過疎
北海道,美幌町,全部過疎,,全部過疎
北海道,津別町,全部過疎,,全部過疎
北海道,斜里町,全部過疎,,全部過疎
北海道,清里町,全部過疎,,全部過疎
北海道,小清水町,全部過疎,,全部過疎
北海道,訓子府町,全部過疎,,全部過疎
北海道,置戸町,全部過疎,,全部過疎
北海道,佐呂間町,全部過疎,,全部過疎
北海道,遠軽町,全部過疎,,全部過疎
北海道,湧別町,全部過疎,,全部過疎
北海道,滝上町,全部過疎,,全部過疎
北海道,興部町,全部過疎,,全部過疎
北海道,西興部村,全部過疎,,全部過疎
北海道,雄武町,全部過疎,,全部過疎
北海道,大空町,全部過疎,,全部過疎
北海道,豊浦町,全部過疎,,全部過疎
北海道,壮瞥町,全部過疎,,全部過疎
北海道,白老町,全部過疎,,全部過疎
北海道,厚真町,全部過疎,,全部過疎
北海道,洞爺湖町,全部過疎,,全部過疎
北海道,安平町,全部過疎,,全部過疎
北海道,むかわ町,全部過疎,,全部過疎
北海道,日高町,全部過疎,,全部過疎
北海道,平取町,全部過疎,,全部過疎
北海道,新冠町,全部過疎,,全部過疎
北海道,浦河町,全部過疎,,全部過疎
北海道,様似町,全部過疎,,全部過疎
北海道,えりも町,全部過疎,,全部過疎
北海道,新ひだか町,全部過疎,,全部過疎
北海道,上士幌町,全部過疎,,全部過疎
北海道,鹿追町,全部過疎,,全部過疎
北海道,新得町,全部過疎,,全部過疎
北海道,清水町,全部過疎,,全部過疎
北海道,更別村,全部過疎,,全部過疎
北海道,大樹町,全部過疎,,全部過疎
北海道,広尾町,全部過疎,,全部過疎
北海道,幕別町,一部過疎,忠類村,一部過疎
北海道,池田町,全部過疎,,全部過疎
北海道,豊頃町,全部過疎,,全部過疎
北海道,本別町,全部過疎,,全部過疎
北海道,足寄町,全部過疎,,全部過疎
北海道,陸別町,全部過疎,,全部過疎
北海道,浦幌町,全部過疎,,全部過疎
北海道,厚岸町,全部過疎,,全部過疎
北海道,浜中町,全部過疎,,全部過疎
北海道,標茶町,全部過疎,,全部過疎
北海道,弟子屈町,全部過疎,,全部過疎
北海道,鶴居村,全部過疎,,全部過疎
北海道,白糠町,全部過疎,,全部過疎
北海道,別海町,全部過疎,,非該当
北海道,標津町,全部過疎,,全部過疎
北海道,羅臼町,全部過疎,,全部過疎
青森県,弘前市,一部過疎,相馬村,一部過疎
青森県,五所川原市,全部過疎,,みなし過疎
青森県,十和田市,一部過疎,十和田湖町,一部過疎
青森県,むつ市,一部過疎,川内町|大畑町|脇野沢村,一部過疎
青森県,つがる市,全部過疎,,全部過疎
青森県,平川市,一部過疎,碇ケ関村,一部過疎
青森県,平内町,全部過疎,,全部過疎
青森県,今別町,全部過疎,,全部過疎
青森県,蓬田村,全部過疎,,全部過疎
青森県,外ヶ浜町,全部過疎,,全部過疎
青森県,鰺ケ沢町,全部過疎,,全部過疎
青森県,深浦町,全部過疎,,全部過疎
青森県,西目屋村,全部過疎,,全部過疎
青森県,大鰐町,全部過疎,,全部過疎
青森県,田舎館村,全部過疎,,非該当
青森県,板柳町,全部過疎,,全部過疎
青森県,鶴田町,全部過疎,,非該当
青森県,中泊町,全部過疎,,全部過疎
青森県,野辺地町,全部過疎,,全部過疎
青森県,七戸町,全部過疎,,全部過疎
青森県,横浜町,全部過疎,,全部過疎
青森県,東北町,全部過疎,,一部過疎
青森県,大間町,全部過疎,,全部過疎
青森県,風間浦村,全部過疎,,全部過疎
青森県,佐井村,全部過疎,,全部過疎
青森県,三戸町,全部過疎,,全部過疎
青森県,五戸町,全部過疎,,全部過疎
青森県,田子町,全部過疎,,全部過疎
青森県,南部町,全部過疎,,全部過疎
青森県,新郷村,全部過疎,,全部過疎
岩手県,宮古市,全部過疎,,全部過疎
岩手県,大船渡市,全部過疎,,全部過疎
岩手県,花巻市,一部過疎,大迫町|東和町,一部過疎
岩手県,久慈市,一部過疎,山形村,一部過疎
岩手県,遠野市,全部過疎,,全部過疎
岩手県,一関市,みなし過疎,,みなし過疎
岩手県,陸前高田市,全部過疎,,全部過疎
岩手県,釜石市,全部過疎,,全部過疎
岩手県,二戸市,全部過疎,,全部過疎
岩手県,八幡平市,全部過疎,,全部過疎
岩手県,奥州市,一部過疎,衣川村|江刺市,一部過疎
岩手県,葛巻町,全部過疎,,全部過疎
岩手県,岩手町,全部過疎,,全部過疎
岩手県,西和賀町,全部過疎,,全部過疎
岩手県,住田町,全部過疎,,全部過疎
岩手県,大槌町,全部過疎,,全部過疎
岩手県,山田町,全部過疎,,全部過疎
岩手県,岩泉町,全部過疎,,全部過疎
岩手県,田野畑村,全部過疎,,全部過疎
岩手県,普代村,全部過疎,,全部過疎
岩手県,軽米町,全部過疎,,全部過疎
岩手県,野田村,全部過疎,,全部過疎
岩手県,九戸村,全部過疎,,全部過疎
岩手県,洋野町,全部過疎,,全部過疎
岩手県,一戸町,全部過疎,,全部過疎
宮城県,石巻市,一部過疎,河北町|雄勝町|北上町|牡鹿町|桃生町,一部過疎
宮城県,気仙沼市,全部過疎,,全部過疎
宮城県,登米市,一部過疎,登米町|東和町|米山町|石越町|津山町,一部過疎
宮城県,栗原市,全部過疎,,全部過疎
宮城県,東松島市,一部過疎,鳴瀬町,一部過疎
宮城県,大崎市,一部過疎,岩出山町|鳴子町|田尻町,一部過疎
宮城県,七ケ宿町,全部過疎,,全部過疎
宮城県,川崎町,全部過疎,,非該当
宮城県,丸森町,全部過疎,,全部過疎
宮城県,山元町,全部過疎,,全部過疎
宮城県,松島町,全部過疎,,非該当
宮城県,大郷町,全部過疎,,非該当
宮城県,加美町,全部過疎,,全部過疎
宮城県,涌谷町,全部過疎,,非該当
宮城県,美里町,一部過疎,南郷町,一部過疎
宮城県,南三陸町,全部過疎,,全部過疎
秋田県,能代市,全部過疎,,全部過疎
秋田県,横手市,全部過疎,,全部過疎
秋田県,大館市,全部過疎,,みなし過疎
秋田県,男鹿市,全部過疎,,全部過疎
秋田県,湯沢市,全部過疎,,全部過疎
秋田県,鹿角市,全部過疎,,全部過疎
秋田県,由利本荘市,みなし過疎,,みなし過疎
秋田県,潟上市,一部過疎,昭和町|飯田川町,一部過疎
秋田県,大仙市,全部過疎,,全部過疎
秋田県,北秋田市,全部過疎,,全部過疎
秋田県,にかほ市,全部過疎,,全部過疎
秋田県,仙北市,全部過疎,,全部過疎
秋田県,小坂町,全部過疎,,全部過疎
秋田県,上小阿仁村,全部過疎,,全部過疎
秋田県,藤里町,全部過疎,,全部過疎
秋田県,三種町,全部過疎,,全部過疎
秋田県,八峰町,全部過疎,,全部過疎
秋田県,五城目町,全部過疎,,全部過疎
秋田県,八郎潟町,全部過疎,,全部過疎
秋田県,井川町,全部過疎,,全部過疎
秋田県,美郷町,全部過疎,,全部過疎
秋田県,羽後町,全部過疎,,全部過疎
秋田県,東成瀬村,全部過疎,,全部過疎
山形県,鶴岡市,みなし過疎,,みなし過疎
山形県,酒田市,一部過疎,八幡町|松山町|平田町,一部過疎
山形県,上山市,全部過疎,,非該当
山形県,村山市,全部過疎,,全部過疎
山形県,尾花沢市,全部過疎,,全部過疎
山形県,西川町,全部過疎,,全部過疎
山形県,朝日町,全部過疎,,全部過疎
山形県,大江町,全部過疎,,全部過疎
山形県,大石田町,全部過疎,,全部過疎
山形県,金山町,全部過疎,,全部過疎
山形県,最上町,全部過疎,,全部過疎
山形県,舟形町,全部過疎,,全部過疎
山形県,真室川町,全部過疎,,全部過疎
山形県,大蔵村,全部過疎,,全部過疎
山形県,鮭川村,全部過疎,,全部過疎
山形県,戸沢村,全部過疎,,全部過疎
山形県,川西町,全部過疎,,全部過疎
山形県,小国町,全部過疎,,全部過疎
山形県,白鷹町,全部過疎,,全部過疎
山形県,飯豊町,全部過疎,,全部過疎
山形県,庄内町,全部過疎,,全部過疎
山形県,遊佐町,全部過疎,,全部過疎
福島県,白河市,一部過疎,表郷村|大信村,非該当
福島県,須賀川市,一部過疎,長沼町|岩瀬村,非該当
福島県,喜多方市,全部過疎,,みなし過疎
福島県,二本松市,一部過疎,岩代町|東和町,一部過疎
福島県,田村市,全部過疎,,全部過疎
福島県,伊達市,一部過疎,梁川町|霊山町|月舘町,一部過疎
福島県,国見町,全部過疎,,非該当
福島県,川俣町,全部過疎,,全部過疎
福島県,天栄村,全部過疎,,非該当
福島県,下郷町,全部過疎,,全部過疎
福島県,檜枝岐村,全部過疎,,全部過疎
福島県,只見町,全部過疎,,全部過疎
福島県,南会津町,全部過疎,,全部過疎
福島県,北塩原村,全部過疎,,全部過疎
福島県,西会津町,全部過疎,,全部過疎
福島県,磐梯町,全部過疎,,全部過疎
福島県,猪苗代町,全部過疎,,全部過疎
福島県,会津坂下町,全部過疎,,非該当
福島県,柳津町,全部過疎,,全部過疎
福島県,三島町,全部過疎,,全部過疎
福島県,金山町,全部過疎,,全部過疎
福島県,昭和村,全部過疎,,全部過疎
福島県,会津美里町,全部過疎,,全部過疎
福島県,矢祭町,全部過疎,,全部過疎
福島県,塙町,全部過疎,,全部過疎
福島県,鮫川村,全部過疎,,全部過疎
福島県,石川町,全部過疎,,全部過疎
福島県,平田村,全部過疎,,全部過疎
福島県,古殿町,全部過疎,,全部過疎
福島県,小野町,全部過疎,,全部過疎
福島県,川内村,全部過疎,,全部過疎
福島県,浪江町,全部過疎,,全部過疎
福島県,葛尾村,全部過疎,,全部過疎
福島県,飯舘村,全部過疎,,全部過疎
茨城県,常陸太田市,一部過疎,水府村|里美村,一部過疎
茨城県,潮来市,一部過疎,牛堀町,非該当
茨城県,常陸大宮市,一部過疎,御前山村|山方町|美和村|緒川村,一部過疎
茨城県,稲敷市,全部過疎,,一部過疎
茨城県,かすみがうら市,一部過疎,霞ヶ浦町,非該当
茨城県,桜川市,全部過疎,,非該当
茨城県,行方市,全部過疎,,一部過疎
茨城県,城里町,一部過疎,七会村|桂村,一部過疎
茨城県,大子町,全部過疎,,全部過疎
茨城県,河内町,全部過疎,,非該当
茨城県,利根町,全部過疎,,全部過疎
栃木県,日光市,一部過疎,日光市|足尾町|栗山村|藤原町,一部過疎
栃木県,大田原市,一部過疎,湯津上村|黒羽町,一部過疎
栃木県,那須烏山市,全部過疎,,一部過疎
栃木県,茂木町,全部過疎,,全部過疎
栃木県,塩谷町,全部過疎,,全部過疎
栃木県,那珂川町,全部過疎,,全部過疎
群馬県,桐生市,一部過疎,桐生市|黒保根村,一部過疎
群馬県,沼田市,一部過疎,利根村,一部過疎
群馬県,渋川市,一部過疎,赤城村|小野上村|伊香保町,一部過疎
群馬県,みどり市,一部過疎,東村|大間々町,一部過疎
群馬県,神流町,全部過疎,,全部過疎
群馬県,下仁田町,全部過疎,,全部過疎
群馬県,南牧村,全部過疎,,全部過疎
群馬県,中之条町,全部過疎,,全部過疎
群馬県,長野原町,全部過疎,,全部過疎
群馬県,高山村,全部過疎,,非該当
群馬県,東吾妻町,全部過疎,,全部過疎
群馬県,片品村,全部過疎,,全部過疎
群馬県,みなかみ町,全部過疎,,全部過疎
埼玉県,秩父市,一部過疎,吉田町|大滝村|荒川村,一部過疎
埼玉県,ときがわ町,全部過疎,,非該当
埼玉県,皆野町,全部過疎,,非該当
埼玉県,長瀞町,全部過疎,,非該当
埼玉県,小鹿野町,全部過疎,,全部過疎
埼玉県,東秩父村,全部過疎,,全部過疎
埼玉県,神川町,一部過疎,神泉村,一部過疎
千葉県,旭市,一部過疎,干潟町,一部過疎
千葉県,勝浦市,全部過疎,,全部過疎
千葉県,鴨川市,一部過疎,天津小湊町,一部過疎
千葉県,南房総市,全部過疎,,全部過疎
千葉県,匝瑳市,一部過疎,野栄町,非該当
千葉県,香取市,一部過疎,佐原市|山田町|栗源町,非該当
千葉県,山武市,一部過疎,松尾町,非該当
千葉県,いすみ市,一部過疎,夷隅町,非該当
千葉県,東庄町,全部過疎,,全部過疎
千葉県,九十九里町,全部過疎,,非該当
千葉県,長南町,全部過疎,,全部過疎
千葉県,大多喜町,全部過疎,,全部過疎
千葉県,鋸南町,全部過疎,,全部過疎
東京都,檜原村,全部過疎,,全部過疎
東京都,奥多摩町,全部過疎,,全部過疎
東京都,大島町,全部過疎,,全部過疎
東京都,新島村,全部過疎,,全部過疎
東京都,三宅村,全部過疎,,全部過疎
東京都,八丈町,全部過疎,,全部過疎
東京都,青ケ島村,全部過疎,,全部過疎
神奈川県,真鶴町,全部過疎,,全部過疎
新潟県,長岡市,一部過疎,栃尾市|和島村|寺泊町|山古志村|川口町|小国町,一部過疎
新潟県,三条市,一部過疎,下田村,一部過疎
新潟県,新発田市,一部過疎,加治川村,非該当
新潟県,加茂市,全部過疎,,非該当
新潟県,十日町市,全部過疎,,全部過疎
新潟県,村上市,全部過疎,,全部過疎
新潟県,糸魚川市,全部過疎,,全部過疎
新潟県,妙高市,全部過疎,,一部過疎
新潟県,五泉市,一部過疎,村松町,一部過疎
新潟県,上越市,一部過疎,安塚町|浦川原村|大島村|牧村|柿崎町|吉川町|中郷,
新潟県,阿賀野市,一部過疎,笹神村,一部過疎
新潟県,佐渡市,全部過疎,,全部過疎
新潟県,魚沼市,全部過疎,,全部過疎
新潟県,胎内市,一部過疎,黒川村,非該当
新潟県,阿賀町,全部過疎,,全部過疎
新潟県,出雲崎町,全部過疎,,全部過疎
新潟県,津南町,全部過疎,,全部過疎
新潟県,関川村,全部過疎,,全部過疎
新潟県,粟島浦村,全部過疎,,全部過疎
富山県,氷見市,全部過疎,,全部過疎
富山県,砺波市,一部過疎,庄川町,非該当
富山県,南砺市,全部過疎,,全部過疎
富山県,朝日町,全部過疎,,全部過疎
石川県,七尾市,全部過疎,,一部過疎
石川県,輪島市,全部過疎,,全部過疎
石川県,珠洲市,全部過疎,,全部過疎
石川県,加賀市,一部過疎,山中町,一部過疎
石川県,羽咋市,全部過疎,,全部過疎
石川県,志賀町,一部過疎,志賀町|富来町,一部過疎
石川県,宝達志水町,全部過疎,,全部過疎
石川県,中能登町,全部過疎,,一部過疎
石川県,穴水町,全部過疎,,全部過疎
石川県,能登町,全部過疎,,全部過疎
福井県,大野市,全部過疎,,全部過疎
福井県,勝山市,全部過疎,,非該当
福井県,あわら市,一部過疎,芦原町,非該当
福井県,永平寺町,一部過疎,上志比村,非該当
福井県,池田町,全部過疎,,全部過疎
福井県,南越前町,全部過疎,,全部過疎
福井県,越前町,一部過疎,越前町,一部過疎
福井県,若狭町,一部過疎,三方町,非該当
山梨県,山梨市,一部過疎,牧丘町|三富村,一部過疎
山梨県,南アルプス市,一部過疎,芦安村,一部過疎
山梨県,北杜市,一部過疎,須玉町|白州町|武川村,一部過疎
山梨県,笛吹市,一部過疎,芦川村,一部過疎
山梨県,上野原市,全部過疎,,一部過疎
山梨県,甲州市,全部過疎,,一部過疎
山梨県,市川三郷町,全部過疎,,全部過疎
山梨県,早川町,全部過疎,,全部過疎
山梨県,身延町,全部過疎,,全部過疎
山梨県,南部町,全部過疎,,全部過疎
山梨県,富士川町,一部過疎,鰍沢町,一部過疎
山梨県,道志村,全部過疎,,全部過疎
山梨県,小菅村,全部過疎,,全部過疎
山梨県,丹波山村,全部過疎,,全部過疎
長野県,上田市,一部過疎,武石村,非該当
長野県,飯田市,一部過疎,上村|南信濃村,一部過疎
長野県,伊那市,一部過疎,高遠町|長谷村,一部過疎
長野県,中野市,一部過疎,豊田村,一部過疎
長野県,大町市,全部過疎,,全部過疎
長野県,飯山市,全部過疎,,全部過疎
長野県,塩尻市,一部過疎,楢川村,非該当
長野県,佐久市,一部過疎,望月町,一部過疎
長野県,安曇野市,一部過疎,明科町,非該当
長野県,小海町,全部過疎,,全部過疎
長野県,北相木村,全部過疎,,全部過疎
長野県,佐久穂町,全部過疎,,一部過疎
長野県,立科町,全部過疎,,非該当
長野県,長和町,全部過疎,,全部過疎
長野県,中川村,全部過疎,,全部過疎
長野県,阿南町,全部過疎,,全部過疎
長野県,阿智村,一部過疎,清内路村|浪合村,一部過疎
長野県,平谷村,全部過疎,,全部過疎
長野県,根羽村,全部過疎,,全部過疎
長野県,売木村,全部過疎,,全部過疎
長野県,天龍村,全部過疎,,全部過疎
長野県,泰阜村,全部過疎,,全部過疎
長野県,大鹿村,全部過疎,,全部過疎
長野県,上松町,全部過疎,,全部過疎
長野県,南木曽町,全部過疎,,全部過疎
長野県,木祖村,全部過疎,,全部過疎
長野県,王滝村,全部過疎,,全部過疎
長野県,大桑村,全部過疎,,全部過疎
長野県,木曽町,全部過疎,,全部過疎
長野県,麻績村,全部過疎,,全部過疎
長野県,生坂村,全部過疎,,全部過疎
長野県,筑北村,全部過疎,,全部過疎
長野県,小谷村,全部過疎,,全部過疎
長野県,山ノ内町,全部過疎,,全部過疎
長野県,木島平村,全部過疎,,全部過疎
長野県,野沢温泉村,全部過疎,,全部過疎
長野県,信濃町,全部過疎,,全部過疎
長野県,小川村,全部過疎,,全部過疎
長野県,飯綱町,全部過疎,,一部過疎
長野県,栄村,全部過疎,,全部過疎
岐阜県,高山市,一部過疎,清見村|荘川村|久々野町|朝日村|高根村|上宝村,一部過疎
岐阜県,関市,一部過疎,洞戸村|板取村|武儀町|上之保村,一部過疎
岐阜県,中津川市,一部過疎,長野県山口村|坂下町|川上村|加子母村,一部過疎
岐阜県,恵那市,一部過疎,山岡町|明智町|串原村|上矢作町,一部過疎
岐阜県,山県市,一部過疎,美山町,一部過疎
岐阜県,飛騨市,全部過疎,,全部過疎
岐阜県,本巣市,一部過疎,根尾村,一部過疎
岐阜県,郡上市,全部過疎,,一部過疎
岐阜県,下呂市,全部過疎,,全部過疎
岐阜県,海津市,一部過疎,平田町,非該当
岐阜県,関ケ原町,全部過疎,,全部過疎
岐阜県,揖斐川町,全部過疎,,全部過疎
岐阜県,七宗町,全部過疎,,全部過疎
岐阜県,八百津町,全部過疎,,全部過疎
岐阜県,白川町,全部過疎,,全部過疎
岐阜県,東白川村,全部過疎,,全部過疎
岐阜県,白川村,全部過疎,,全部過疎
静岡県,下田市,全部過疎,,全部過疎
静岡県,伊豆市,全部過疎,,全部過疎
静岡県,河津町,全部過疎,,全部過疎
静岡県,南伊豆町,全部過疎,,全部過疎
静岡県,松崎町,全部過疎,,全部過疎
静岡県,西伊豆町,全部過疎,,全部過疎
静岡県,川根本町,全部過疎,,全部過疎
愛知県,新城市,一部過疎,鳳来町|作手村,一部過疎
愛知県,設楽町,全部過疎,,全部過疎
愛知県,東栄町,全部過疎,,全部過疎
愛知県,豊根村,全部過疎,,全部過疎
三重県,松阪市,一部過疎,飯南町|飯高町,一部過疎
三重県,尾鷲市,全部過疎,,全部過疎
三重県,鳥羽市,全部過疎,,全部過疎
三重県,熊野市,全部過疎,,全部過疎
三重県,志摩市,全部過疎,,一部過疎
三重県,伊賀市,一部過疎,島ヶ原村|阿山町|大山田村|青山町,一部過疎
三重県,大台町,全部過疎,,全部過疎
三重県,大紀町,全部過疎,,全部過疎
三重県,南伊勢町,全部過疎,,全部過疎
三重県,紀北町,全部過疎,,全部過疎
滋賀県,長浜市,一部過疎,虎姫町|木之本町|余呉町|西浅井町,一部過疎
滋賀県,高島市,一部過疎,朽木村,一部過疎
滋賀県,東近江市,一部過疎,永源寺町|愛東町,非該当
滋賀県,甲良町,全部過疎,,非該当
京都府,福知山市,一部過疎,三和町|夜久野町|大江町,一部過疎
京都府,綾部市,全部過疎,,非該当
京都府,宮津市,全部過疎,,全部過疎
京都府,京丹後市,全部過疎,,全部過疎
京都府,南丹市,みなし過疎,,みなし過疎
京都府,木津川市,一部過疎,加茂町,非該当
京都府,笠置町,全部過疎,,全部過疎
京都府,和束町,全部過疎,,全部過疎
京都府,南山城村,全部過疎,,全部過疎
京都府,京丹波町,全部過疎,,全部過疎
京都府,伊根町,全部過疎,,全部過疎
京都府,与謝野町,全部過疎,,全部過疎
大阪府,豊能町,全部過疎,,非該当
大阪府,能勢町,全部過疎,,非該当
大阪府,岬町,全部過疎,,全部過疎
大阪府,千早赤阪村,全部過疎,,全部過疎
兵庫県,洲本市,全部過疎,,一部過疎
兵庫県,豊岡市,一部過疎,城崎町|竹野町|但東町,一部過疎
兵庫県,丹波篠山市,一部過疎,篠山町,非該当
兵庫県,養父市,全部過疎,,全部過疎
兵庫県,丹波市,一部過疎,青垣町|山南町,一部過疎
兵庫県,南あわじ市,一部過疎,西淡町|南淡町,一部過疎
兵庫県,朝来市,一部過疎,生野町|山東町|朝来町,一部過疎
兵庫県,淡路市,全部過疎,,全部過疎
兵庫県,宍粟市,全部過疎,,全部過疎
兵庫県,たつの市,一部過疎,新宮町,非該当
兵庫県,多可町,全部過疎,,一部過疎
兵庫県,市川町,全部過疎,,非該当
兵庫県,神河町,全部過疎,,全部過疎
兵庫県,佐用町,全部過疎,,全部過疎
兵庫県,香美町,全部過疎,,全部過疎
兵庫県,新温泉町,全部過疎,,全部過疎
奈良県,五條市,全部過疎,,全部過疎
奈良県,御所市,全部過疎,,全部過疎
奈良県,宇陀市,全部過疎,,全部過疎
奈良県,山添村,全部過疎,,全部過疎
奈良県,三宅町,全部過疎,,全部過疎
奈良県,曽爾村,全部過疎,,全部過疎
奈良県,御杖村,全部過疎,,全部過疎
奈良県,高取町,全部過疎,,非該当
奈良県,明日香村,全部過疎,,全部過疎
奈良県,吉野町,全部過疎,,全部過疎
奈良県,下市町,全部過疎,,全部過疎
奈良県,黒滝村,全部過疎,,全部過疎
奈良県,天川村,全部過疎,,全部過疎
奈良県,野迫川村,全部過疎,,全部過疎
奈良県,十津川村,全部過疎,,全部過疎
奈良県,下北山村,全部過疎,,全部過疎
奈良県,上北山村,全部過疎,,全部過疎
奈良県,川上村,全部過疎,,全部過疎
奈良県,東吉野村,全部過疎,,全部過疎
和歌山県,海南市,一部過疎,下津町,一部過疎
和歌山県,田辺市,みなし過疎,,みなし過疎
和歌山県,新宮市,全部過疎,,全部過疎
和歌山県,紀の川市,一部過疎,粉河町|那賀町|桃山町,一部過疎
和歌山県,紀美野町,全部過疎,,全部過疎
和歌山県,かつらぎ町,全部過疎,,全部過疎
和歌山県,九度山町,全部過疎,,全部過疎
和歌山県,高野町,全部過疎,,全部過疎
和歌山県,湯浅町,全部過疎,,全部過疎
和歌山県,広川町,全部過疎,,非該当
和歌山県,有田川町,みなし過疎,,みなし過疎
和歌山県,美浜町,全部過疎,,非該当
和歌山県,由良町,全部過疎,,全部過疎
和歌山県,印南町,全部過疎,,全部過疎
和歌山県,みなべ町,一部過疎,南部川村,非該当
和歌山県,日高川町,全部過疎,,全部過疎
和歌山県,白浜町,一部過疎,日置川町,一部過疎
和歌山県,すさみ町,全部過疎,,全部過疎
和歌山県,那智勝浦町,全部過疎,,全部過疎
和歌山県,太地町,全部過疎,,全部過疎
和歌山県,古座川町,全部過疎,,全部過疎
和歌山県,北山村,全部過疎,,全部過疎
和歌山県,串本町,全部過疎,,全部過疎
鳥取県,鳥取市,一部過疎,河原町|用瀬町|佐治村|青谷町|福部村,一部過疎
鳥取県,倉吉市,一部過疎,関金町,一部過疎
鳥取県,岩美町,全部過疎,,全部過疎
鳥取県,若桜町,全部過疎,,全部過疎
鳥取県,智頭町,全部過疎,,全部過疎
鳥取県,八頭町,全部過疎,,一部過疎
鳥取県,三朝町,全部過疎,,全部過疎
鳥取県,湯梨浜町,一部過疎,泊村|東郷町,一部過疎
鳥取県,琴浦町,全部過疎,,一部過疎
鳥取県,北栄町,一部過疎,大栄町,一部過疎
鳥取県,大山町,全部過疎,,全部過疎
鳥取県,伯耆町,一部過疎,溝口町,一部過疎
鳥取県,日南町,全部過疎,,全部過疎
鳥取県,日野町,全部過疎,,全部過疎
鳥取県,江府町,全部過疎,,全部過疎
島根県,松江市,一部過疎,鹿島町|島根町|美保関町,一部過疎
島根県,浜田市,みなし過疎,,みなし過疎
島根県,出雲市,一部過疎,佐田町|多伎町,一部過疎
島根県,益田市,全部過疎,,全部過疎
島根県,大田市,全部過疎,,全部過疎
島根県,安来市,全部過疎,,みなし過疎
島根県,江津市,全部過疎,,全部過疎
島根県,雲南市,全部過疎,,全部過疎
島根県,奥出雲町,全部過疎,,全部過疎
島根県,飯南町,全部過疎,,全部過疎
島根県,川本町,全部過疎,,全部過疎
島根県,美郷町,全部過疎,,全部過疎
島根県,邑南町,全部過疎,,全部過疎
島根県,津和野町,全部過疎,,全部過疎
島根県,吉賀町,全部過疎,,全部過疎
島根県,海士町,全部過疎,,全部過疎
島根県,西ノ島町,全部過疎,,全部過疎
島根県,知夫村,全部過疎,,全部過疎
島根県,隠岐の島町,全部過疎,,全部過疎
岡山県,津山市,一部過疎,加茂町|阿波村|久米町|勝北町,一部過疎
岡山県,井原市,みなし過疎,,みなし過疎
岡山県,高梁市,全部過疎,,全部過疎
岡山県,新見市,全部過疎,,全部過疎
岡山県,備前市,全部過疎,,全部過疎
岡山県,瀬戸内市,一部過疎,牛窓町,一部過疎
岡山県,赤磐市,一部過疎,赤坂町|吉井町,一部過疎
岡山県,真庭市,全部過疎,,全部過疎
岡山県,美作市,全部過疎,,全部過疎
岡山県,浅口市,一部過疎,寄島町,一部過疎
岡山県,和気町,全部過疎,,一部過疎
岡山県,矢掛町,全部過疎,,全部過疎
岡山県,新庄村,全部過疎,,全部過疎
岡山県,鏡野町,全部過疎,,全部過疎
岡山県,奈義町,全部過疎,,全部過疎
岡山県,西粟倉村,全部過疎,,全部過疎
岡山県,久米南町,全部過疎,,全部過疎
岡山県,美咲町,全部過疎,,全部過疎
岡山県,吉備中央町,全部過疎,,全部過疎
広島県,呉市,一部過疎,音戸町|倉橋町|下蒲刈町|蒲刈町|川尻町|豊浜町|豊,
広島県,三原市,一部過疎,大和町|久井町,一部過疎
広島県,尾道市,一部過疎,因島市|瀬戸田町|御調町|向島町,一部過疎
広島県,府中市,全部過疎,,全部過疎
広島県,三次市,全部過疎,,全部過疎
広島県,庄原市,全部過疎,,全部過疎
広島県,廿日市市,一部過疎,吉和村|宮島町|佐伯町,一部過疎
広島県,安芸高田市,全部過疎,,全部過疎
広島県,江田島市,全部過疎,,全部過疎
広島県,安芸太田町,全部過疎,,全部過疎
広島県,北広島町,全部過疎,,全部過疎
広島県,大崎上島町,全部過疎,,全部過疎
広島県,世羅町,全部過疎,,全部過疎
広島県,神石高原町,全部過疎,,全部過疎
山口県,下関市,一部過疎,豊田町|豊北町|豊浦町,一部過疎
山口県,山口市,一部過疎,徳地町|秋穂町|阿東町,一部過疎
山口県,萩市,全部過疎,,全部過疎
山口県,岩国市,一部過疎,本郷村|錦町|美川町|美和町|周東町,一部過疎
山口県,長門市,全部過疎,,全部過疎
山口県,柳井市,一部過疎,大畠町|柳井市,一部過疎
山口県,美祢市,全部過疎,,全部過疎
山口県,周防大島町,全部過疎,,全部過疎
山口県,上関町,全部過疎,,全部過疎
山口県,阿武町,全部過疎,,全部過疎
徳島県,吉野川市,一部過疎,美郷村|山川町,一部過疎
徳島県,阿波市,一部過疎,市場町,非該当
徳島県,美馬市,全部過疎,,全部過疎
徳島県,三好市,全部過疎,,全部過疎
徳島県,勝浦町,全部過疎,,全部過疎
徳島県,上勝町,全部過疎,,全部過疎
徳島県,佐那河内村,全部過疎,,全部過疎
徳島県,神山町,全部過疎,,全部過疎
徳島県,那賀町,全部過疎,,全部過疎
徳島県,牟岐町,全部過疎,,全部過疎
徳島県,美波町,全部過疎,,全部過疎
徳島県,海陽町,全部過疎,,全部過疎
徳島県,つるぎ町,全部過疎,,全部過疎
香川県,観音寺市,一部過疎,豊浜町,一部過疎
香川県,さぬき市,一部過疎,津田町|大川町,一部過疎
香川県,東かがわ市,全部過疎,,全部過疎
香川県,三豊市,一部過疎,詫間町|仁尾町|財田町,一部過疎
香川県,土庄町,全部過疎,,全部過疎
香川県,小豆島町,全部過疎,,全部過疎
香川県,直島町,全部過疎,,全部過疎
香川県,綾川町,一部過疎,綾上町,一部過疎
香川県,琴平町,全部過疎,,全部過疎
香川県,まんのう町,全部過疎,,全部過疎
愛媛県,今治市,一部過疎,菊間町|吉海町|宮窪町|伯方町|上浦町|大三島町|関,
愛媛県,宇和島市,全部過疎,,全部過疎
愛媛県,八幡浜市,全部過疎,,全部過疎
愛媛県,大洲市,全部過疎,,全部過疎
愛媛県,伊予市,みなし過疎,,みなし過疎
愛媛県,西予市,全部過疎,,全部過疎
愛媛県,上島町,全部過疎,,全部過疎
愛媛県,久万高原町,全部過疎,,全部過疎
愛媛県,砥部町,一部過疎,広田村,一部過疎
愛媛県,内子町,全部過疎,,全部過疎
愛媛県,伊方町,一部過疎,伊方町|瀬戸町|三崎町,一部過疎
愛媛県,松野町,全部過疎,,全部過疎
愛媛県,鬼北町,全部過疎,,全部過疎
愛媛県,愛南町,全部過疎,,全部過疎
高知県,高知市,一部過疎,鏡村|土佐山村,一部過疎
高知県,室戸市,全部過疎,,全部過疎
高知県,安芸市,全部過疎,,全部過疎
高知県,須崎市,全部過疎,,全部過疎
高知県,宿毛市,全部過疎,,非該当
高知県,土佐清水市,全部過疎,,全部過疎
高知県,四万十市,一部過疎,西土佐村,一部過疎
高知県,香南市,一部過疎,赤岡町|夜須町|吉川村,一部過疎
高知県,香美市,全部過疎,,全部過疎
高知県,東洋町,全部過疎,,全部過疎
高知県,奈半利町,全部過疎,,全部過疎
高知県,田野町,全部過疎,,全部過疎
高知県,安田町,全部過疎,,全部過疎
高知県,北川村,全部過疎,,全部過疎
高知県,馬路村,全部過疎,,全部過疎
高知県,本山町,全部過疎,,全部過疎
高知県,大豊町,全部過疎,,全部過疎
高知県,土佐町,全部過疎,,全部過疎
高知県,大川村,全部過疎,,全部過疎
高知県,いの町,全部過疎,,一部過疎
高知県,仁淀川町,全部過疎,,全部過疎
高知県,中土佐町,全部過疎,,全部過疎
高知県,越知町,全部過疎,,全部過疎
高知県,檮原町,全部過疎,,全部過疎
高知県,津野町,全部過疎,,全部過疎
高知県,四万十町,全部過疎,,全部過疎
高知県,大月町,全部過疎,,全部過疎
高知県,三原村,全部過疎,,全部過疎
高知県,黒潮町,全部過疎,,全部過疎
福岡県,飯塚市,一部過疎,筑穂町|頴田町,一部過疎
福岡県,田川市,全部過疎,,全部過疎
福岡県,柳川市,一部過疎,大和町|柳川市,一部過疎
福岡県,八女市,全部過疎,,全部過疎
福岡県,宗像市,一部過疎,大島村,一部過疎
福岡県,うきは市,一部過疎,浮羽町,一部過疎
福岡県,嘉麻市,全部過疎,,全部過疎
福岡県,朝倉市,一部過疎,杷木町|朝倉町,一部過疎
福岡県,みやま市,全部過疎,,全部過疎
福岡県,芦屋町,全部過疎,,全部過疎
福岡県,小竹町,全部過疎,,全部過疎
福岡県,鞍手町,全部過疎,,全部過疎
福岡県,東峰村,全部過疎,,全部過疎
福岡県,香春町,全部過疎,,全部過疎
福岡県,添田町,全部過疎,,全部過疎
福岡県,糸田町,全部過疎,,非該当
福岡県,川崎町,全部過疎,,全部過疎
福岡県,大任町,全部過疎,,全部過疎
福岡県,赤村,全部過疎,,全部過疎
福岡県,福智町,全部過疎,,全部過疎
福岡県,みやこ町,全部過疎,,みなし過疎
福岡県,上毛町,全部過疎,,全部過疎
福岡県,築上町,全部過疎,,全部過疎
佐賀県,佐賀市,一部過疎,富士町|三瀬村,一部過疎
佐賀県,唐津市,一部過疎,七山村|厳木町|相知町|肥前町|鎮西町|呼子町,一部過疎
佐賀県,多久市,全部過疎,,全部過疎
佐賀県,武雄市,一部過疎,北方町,一部過疎
佐賀県,小城市,一部過疎,芦刈町,一部過疎
佐賀県,神埼市,一部過疎,脊振村,一部過疎
佐賀県,有田町,一部過疎,有田町,一部過疎
佐賀県,大町町,全部過疎,,全部過疎
佐賀県,江北町,全部過疎,,全部過疎
佐賀県,白石町,全部過疎,,全部過疎
佐賀県,太良町,全部過疎,,全部過疎
長崎県,長崎市,一部過疎,香焼町|伊王島町|高島町|野母崎町|外海町|三和町,一部過疎
長崎県,佐世保市,一部過疎,宇久町|江迎町|鹿町町|小佐々町|吉井町|世知原町,一部過疎
長崎県,島原市,全部過疎,,みなし過疎
長崎県,諫早市,一部過疎,小長井町,一部過疎
長崎県,平戸市,全部過疎,,全部過疎
長崎県,松浦市,全部過疎,,全部過疎
長崎県,対馬市,全部過疎,,全部過疎
長崎県,壱岐市,全部過疎,,全部過疎
長崎県,五島市,全部過疎,,全部過疎
長崎県,西海市,全部過疎,,全部過疎
長崎県,雲仙市,全部過疎,,全部過疎
長崎県,南島原市,全部過疎,,全部過疎
長崎県,東彼杵町,全部過疎,,非該当
長崎県,小値賀町,全部過疎,,全部過疎
長崎県,新上五島町,全部過疎,,全部過疎
熊本県,八代市,一部過疎,坂本村|東陽村|泉村|鏡町,一部過疎
熊本県,人吉市,全部過疎,,非該当
熊本県,水俣市,全部過疎,,全部過疎
熊本県,玉名市,一部過疎,天水町,非該当
熊本県,山鹿市,みなし過疎,,みなし過疎
熊本県,菊池市,一部過疎,旭志村,非該当
熊本県,上天草市,全部過疎,,全部過疎
熊本県,宇城市,一部過疎,三角町|豊野町,一部過疎
熊本県,阿蘇市,全部過疎,,一部過疎
熊本県,天草市,全部過疎,,全部過疎
熊本県,美里町,全部過疎,,全部過疎
熊本県,南関町,全部過疎,,全部過疎
熊本県,和水町,全部過疎,,全部過疎
熊本県,南小国町,全部過疎,,全部過疎
熊本県,小国町,全部過疎,,全部過疎
熊本県,産山村,全部過疎,,全部過疎
熊本県,高森町,全部過疎,,全部過疎
熊本県,南阿蘇村,全部過疎,,みなし過疎
熊本県,甲佐町,全部過疎,,全部過疎
熊本県,山都町,全部過疎,,全部過疎
熊本県,氷川町,一部過疎,竜北町,非該当
熊本県,芦北町,全部過疎,,全部過疎
熊本県,津奈木町,全部過疎,,全部過疎
熊本県,多良木町,全部過疎,,全部過疎
熊本県,湯前町,全部過疎,,全部過疎
熊本県,水上村,全部過疎,,全部過疎
熊本県,相良村,全部過疎,,全部過疎
熊本県,五木村,全部過疎,,全部過疎
熊本県,山江村,全部過疎,,全部過疎
熊本県,球磨村,全部過疎,,全部過疎
熊本県,あさぎり町,全部過疎,,全部過疎
熊本県,苓北町,全部過疎,,全部過疎
大分県,中津市,一部過疎,三光村|本耶馬渓町|耶馬溪町|山国町,一部過疎
大分県,日田市,全部過疎,,全部過疎
大分県,佐伯市,全部過疎,,全部過疎
大分県,臼杵市,全部過疎,,全部過疎
大分県,津久見市,全部過疎,,全部過疎
大分県,竹田市,全部過疎,,全部過疎
大分県,豊後高田市,全部過疎,,全部過疎
大分県,杵築市,みなし過疎,,みなし過疎
大分県,宇佐市,みなし過疎,,みなし過疎
大分県,豊後大野市,全部過疎,,全部過疎
大分県,由布市,一部過疎,庄内町,一部過疎
大分県,国東市,全部過疎,,全部過疎
大分県,姫島村,全部過疎,,全部過疎
大分県,九重町,全部過疎,,全部過疎
大分県,玖珠町,全部過疎,,全部過疎
宮崎県,都城市,一部過疎,高城町|高崎町|山之口町|山田町,一部過疎
宮崎県,延岡市,一部過疎,北方町|北川町|北浦町,一部過疎
宮崎県,日南市,全部過疎,,全部過疎
宮崎県,小林市,一部過疎,野尻町|須木村,一部過疎
宮崎県,日向市,一部過疎,東郷町,一部過疎
宮崎県,串間市,全部過疎,,全部過疎
宮崎県,えびの市,全部過疎,,全部過疎
宮崎県,高原町,全部過疎,,全部過疎
宮崎県,西米良村,全部過疎,,全部過疎
宮崎県,都農町,全部過疎,,全部過疎
宮崎県,諸塚村,全部過疎,,全部過疎
宮崎県,椎葉村,全部過疎,,全部過疎
宮崎県,美郷町,全部過疎,,全部過疎
宮崎県,高千穂町,全部過疎,,全部過疎
宮崎県,日之影町,全部過疎,,全部過疎
宮崎県,五ヶ瀬町,全部過疎,,全部過疎
鹿児島県,鹿屋市,一部過疎,輝北町|吾平町,一部過疎
鹿児島県,枕崎市,全部過疎,,全部過疎
鹿児島県,阿久根市,全部過疎,,全部過疎
鹿児島県,出水市,一部過疎,野田町,非該当
鹿児島県,指宿市,全部過疎,,全部過疎
鹿児島県,西之表市,全部過疎,,全部過疎
鹿児島県,垂水市,全部過疎,,全部過疎
鹿児島県,薩摩川内市,一部過疎,樋脇町|入来町|東郷町|祁答院町|里村|上甑村|下甑,
鹿児島県,日置市,一部過疎,東市来町|日吉町|吹上町,一部過疎
鹿児島県,曽於市,全部過疎,,全部過疎
鹿児島県,霧島市,一部過疎,横川町|牧園町|霧島町|福山町,一部過疎
鹿児島県,いちき串木野市,全部過疎,,全部過疎
鹿児島県,南さつま市,全部過疎,,全部過疎
鹿児島県,志布志市,全部過疎,,全部過疎
鹿児島県,奄美市,全部過疎,,全部過疎
鹿児島県,南九州市,全部過疎,,全部過疎
鹿児島県,伊佐市,全部過疎,,全部過疎
鹿児島県,姶良市,一部過疎,蒲生町,一部過疎
鹿児島県,三島村,全部過疎,,全部過疎
鹿児島県,十島村,全部過疎,,全部過疎
鹿児島県,さつま町,全部過疎,,全部過疎
鹿児島県,長島町,全部過疎,,全部過疎
鹿児島県,湧水町,全部過疎,,全部過疎
鹿児島県,大崎町,全部過疎,,全部過疎
鹿児島県,東串良町,全部過疎,,全部過疎
鹿児島県,錦江町,全部過疎,,全部過疎
鹿児島県,南大隅町,全部過疎,,全部過疎
鹿児島県,肝付町,全部過疎,,全部過疎
鹿児島県,中種子町,全部過疎,,全部過疎
鹿児島県,南種子町,全部過疎,,全部過疎
鹿児島県,屋久島町,全部過疎,,全部過疎
鹿児島県,大和村,全部過疎,,全部過疎
鹿児島県,宇検村,全部過疎,,全部過疎
鹿児島県,瀬戸内町,全部過疎,,全部過疎
鹿児島県,龍郷町,全部過疎,,全部過疎
鹿児島県,喜界町,全部過疎,,全部過疎
鹿児島県,徳之島町,全部過疎,,全部過疎
鹿児島県,天城町,全部過疎,,全部過疎
鹿児島県,伊仙町,全部過疎,,全部過疎
鹿児島県,和泊町,全部過疎,,全部過疎
鹿児島県,知名町,全部過疎,,全部過疎
鹿児島県,与論町,全部過疎,,全部過疎
沖縄県,宮古島市,みなし過疎,,みなし過疎
沖縄県,南城市,一部過疎,知念村,非該当
沖縄県,国頭村,全部過疎,,全部過疎
沖縄県,大宜味村,全部過疎,,全部過疎
沖縄県,東村,全部過疎,,全部過疎
沖縄県,本部町,全部過疎,,全部過疎
沖縄県,伊江村,全部過疎,,全部過疎
沖縄県,渡嘉敷村,全部過疎,,全部過疎
沖縄県,座間味村,全部過疎,,全部過疎
沖縄県,粟国村,全部過疎,,全部過疎
沖縄県,渡名喜村,全部過疎,,全部過疎
沖縄県,南大東村,全部過疎,,全部過疎
沖縄県,伊平屋村,全部過疎,,全部過疎
沖縄県,伊是名村,全部過疎,,全部過疎
沖縄県,久米島町,全部過疎,,全部過疎
沖縄県,多良間村,全部過疎,,全部過疎
沖縄県,与那国町,全部過疎,,全部過疎
