市町村コード,都道府県名,市町村名,区分,指定都市区分,該当法令,照合済み法令,三大都市圏,人口減少率例外,区域の旧市町村,備考
01100,北海道,札幌市,都市地域,条件不利地域を含まない,,,0,0,,地域要件確認表による
01202,北海道,函館市,全部条件不利地域,該当なし,,,0,0,過疎:戸井町・恵山町・椴法華村・南茅部町,地域要件確認表による|過疎法の経過措置を受ける卒業団体
01203,北海道,小樽市,全部条件不利地域,該当なし,,,0,0,,地域要件確認表による
01204,北海道,旭川市,一部条件不利地域,該当なし,過疎|山村|離島|半島,,0,0,,地域要件確認表による
01205,北海道,室蘭市,都市地域,該当なし,,,0,0,,地域要件確認表による
01206,北海道,釧路市,全部条件不利地域,該当なし,,,0,0,,地域要件確認表による
01207,北海道,帯広市,都市地域,該当なし,,,0,0,,地域要件確認表による
01208,北海道,北見市,一部条件不利地域,該当なし,過疎|山村|離島|半島,,0,0,過疎:常呂町・端野町・留辺蘂町,地域要件確認表による
01209,北海道,夕張市,全部条件不利地域,該当なし,,,0,0,,地域要件確認表による
01210,北海道,岩見沢市,一部条件不利地域,該当なし,過疎|山村|離島|半島,,0,0,過疎:北村・栗沢町,地域要件確認表による
01211,北海道,網走市,都市地域,該当なし,,,0,0,,地域要件確認表による
01212,北海道,留萌市,全部条件不利地域,該当なし,,,0,0,,地域要件確認表による
01213,北海道,苫小牧市,都市地域,該当なし,,,0,0,,地域要件確認表による
01214,北海道,稚内市,全部条件不利地域,該当なし,,,0,0,,地域要件確認表による
01215,北海道,美唄市,全部条件不利地域,該当なし,,,0,0,,地域要件確認表による
01216,北海道,芦別市,全部条件不利地域,該当なし,,,0,0,,地域要件確認表による
01217,北海道,江別市,都市地域,該当なし,,,0,0,,地域要件確認表による
01218,北海道,赤平市,全部条件不利地域,該当なし,,,0,0,,地域要件確認表による
01219,北海道,紋別市,全部条件不利地域,該当なし,,,0,0,,地域要件確認表による
01220,北海道,士別市,全部条件不利地域,該当なし,,,0,0,,地域要件確認表による
01221,北海道,名寄市,全部条件不利地域,該当なし,,,0,0,,地域要件確認表による
01222,北海道,三笠市,全部条件不利地域,該当なし,,,0,0,,地域要件確認表による
01223,北海道,根室市,全部条件不利地域,該当なし,,,0,0,,地域要件確認表による
01224,北海道,千歳市,都市地域,該当なし,,,0,0,,地域要件確認表による
01225,北海道,滝川市,都市地域,該当なし,,,0,0,,地域要件確認表による
01226,北海道,砂川市,全部条件不利地域,該当なし,,,0,0,,地域要件確認表による
01227,北海道,歌志内市,全部条件不利地域,該当なし,,,0,0,,地域要件確認表による
01228,北海道,深川市,全部条件不利地域,該当なし,,,0,0,,地域要件確認表による
01229,北海道,富良野市,全部条件不利地域,該当なし,,,0,0,,地域要件確認表による
01230,北海道,登別市,都市地域,該当なし,,,0,0,,地域要件確認表による
01231,北海道,恵庭市,都市地域,該当なし,,,0,0,,地域要件確認表による
01233,北海道,伊達市,一部条件不利地域,該当なし,過疎|山村|離島|半島,,0,0,過疎:大滝村,地域要件確認表による
01234,北海道,北広島市,都市地域,該当なし,,,0,0,,地域要件確認表による
01235,北海道,石狩市,一部条件不利地域,該当なし,過疎|山村|離島|半島,,0,0,過疎:厚田村・浜益村,地域要件確認表による
01236,北海道,北斗市,全部条件不利地域,該当なし,,,0,0,,地域要件確認表による
01303,北海道,当別町,都市地域,該当なし,,,0,0,,地域要件確認表による
01304,北海道,新篠津村,全部条件不利地域,該当なし,,,0,0,,地域要件確認表による
01331,北海道,松前町,全部条件不利地域,該当なし,,,0,0,,地域要件確認表による
01332,北海道,福島町,全部条件不利地域,該当なし,,,0,0,,地域要件確認表による
01333,北海道,知内町,全部条件不利地域,該当なし,,,0,0,,地域要件確認表による
01334,北海道,木古内町,全部条件不利地域,該当なし,,,0,0,,地域要件確認表による
01337,北海道,七飯町,全部条件不利地域,該当なし,,,0,0,,地域要件確認表による
01343,北海道,鹿部町,全部条件不利地域,該当なし,,,0,0,,地域要件確認表による
01345,北海道,森町,全部条件不利地域,該当なし,,,0,0,,地域要件確認表による
01346,北海道,八雲町,全部条件不利地域,該当なし,,,0,0,,地域要件確認表による
01347,北海道,長万部町,全部条件不利地域,該当なし,,,0,0,,地域要件確認表による
01361,北海道,江差町,全部条件不利地域,該当なし,,,0,0,,地域要件確認表による
01362,北海道,上ノ国町,全部条件不利地域,該当なし,,,0,0,,地域要件確認表による
01363,北海道,厚沢部町,全部条件不利地域,該当なし,,,0,0,,地域要件確認表による
01364,北海道,乙部町,全部条件不利地域,該当なし,,,0,0,,地域要件確認表による
01367,北海道,奥尻町,全部条件不利地域,該当なし,,,0,0,,地域要件確認表による
01370,北海道,今金町,全部条件不利地域,該当なし,,,0,0,,地域要件確認表による
01371,北海道,せたな町,全部条件不利地域,該当なし,,,0,0,,地域要件確認表による
01391,北海道,島牧村,全部条件不利地域,該当なし,,,0,0,,地域要件確認表による
01392,北海道,寿都町,全部条件不利地域,該当なし,,,0,0,,地域要件確認表による
01393,北海道,黒松内町,全部条件不利地域,該当なし,,,0,0,,地域要件確認表による
01394,北海道,蘭越町,全部条件不利地域,該当なし,,,0,0,,地域要件確認表による
01395,北海道,ニセコ町,全部条件不利地域,該当なし,,,0,0,,地域要件確認表による
01396,北海道,真狩村,全部条件不利地域,該当なし,,,0,0,,地域要件確認表による
01397,北海道,留寿都村,全部条件不利地域,該当なし,,,0,0,,地域要件確認表による
01398,北海道,喜茂別町,全部条件不利地域,該当なし,,,0,0,,地域要件確認表による
01399,北海道,京極町,全部条件不利地域,該当なし,,,0,0,,地域要件確認表による|過疎法の経過措置を受ける卒業団体
01400,北海道,倶知安町,都市地域,該当なし,,,0,0,,地域要件確認表による
01401,北海道,共和町,全部条件不利地域,該当なし,,,0,0,,地域要件確認表による
01402,北海道,岩内町,全部条件不利地域,該当なし,,,0,0,,地域要件確認表による
01403,北海道,泊村,全部条件不利地域,該当なし,,,0,0,,地域要件確認表による
01404,北海道,神恵内村,全部条件不利地域,該当なし,,,0,0,,地域要件確認表による
01405,北海道,積丹町,全部条件不利地域,該当なし,,,0,0,,地域要件確認表による
01406,北海道,古平町,全部条件不利地域,該当なし,,,0,0,,地域要件確認表による
01407,北海道,仁木町,全部条件不利地域,該当なし,,,0,0,,地域要件確認表による
01408,北海道,余市町,全部条件不利地域,該当なし,,,0,0,,地域要件確認表による
01409,北海道,赤井川村,全部条件不利地域,該当なし,,,0,0,,地域要件確認表による
01423,北海道,南幌町,都市地域,該当なし,,,0,0,,地域要件確認表による
01424,北海道,奈井江町,全部条件不利地域,該当なし,,,0,0,,地域要件確認表による
01425,北海道,上砂川町,全部条件不利地域,該当なし,,,0,0,,地域要件確認表による
01427,北海道,由仁町,全部条件不利地域,該当なし,,,0,0,,地域要件確認表による
01428,北海道,長沼町,全部条件不利地域,該当なし,,,0,0,,地域要件確認表による
01429,北海道,栗山町,全部条件不利地域,該当なし,,,0,0,,地域要件確認表による
01430,北海道,月形町,全部条件不利地域,該当なし,,,0,0,,地域要件確認表による
01431,北海道,浦臼町,全部条件不利地域,該当なし,,,0,0,,地域要件確認表による
01432,北海道,新十津川町,全部条件不利地域,該当なし,,,0,0,,地域要件確認表による
01433,北海道,妹背牛町,全部条件不利地域,該当なし,,,0,0,,地域要件確認表による
01434,北海道,秩父別町,全部条件不利地域,該当なし,,,0,0,,地域要件確認表による
01436,北海道,雨竜町,全部条件不利地域,該当なし,,,0,0,,地域要件確認表による
01437,北海道,北竜町,全部条件不利地域,該当なし,,,0,0,,地域要件確認表による
01438,北海道,沼田町,全部条件不利地域,該当なし,,,0,0,,地域要件確認表による
01472,北海道,幌加内町,全部条件不利地域,該当なし,,,0,0,,地域要件確認表による
01452,北海道,鷹栖町,全部条件不利地域,該当なし,,,0,0,,地域要件確認表による
01453,北海道,東神楽町,都市地域,該当なし,,,0,0,,地域要件確認表による
01454,北海道,当麻町,全部条件不利地域,該当なし,,,0,0,,地域要件確認表による
01455,北海道,比布町,全部条件不利地域,該当なし,,,0,0,,地域要件確認表による
01456,北海道,愛別町,全部条件不利地域,該当なし,,,0,0,,地域要件確認表による
01457,北海道,上川町,全部条件不利地域,該当なし,,,0,0,,地域要件確認表による
01458,北海道,東川町,都市地域,該当なし,,,0,0,,地域要件確認表による
01459,北海道,美瑛町,全部条件不利地域,該当なし,,,0,0,,地域要件確認表による
01460,北海道,上富良野町,全部条件不利地域,該当なし,,,0,0,,地域要件確認表による
01461,北海道,中富良野町,全部条件不利地域,該当なし,,,0,0,,地域要件確認表による
01462,北海道,南富良野町,全部条件不利地域,該当なし,,,0,0,,地域要件確認表による
01463,北海道,占冠村,全部条件不利地域,該当なし,,,0,0,,地域要件確認表による
01464,北海道,和寒町,全部条件不利地域,該当なし,,,0,0,,地域要件確認表による
01465,北海道,剣淵町,全部条件不利地域,該当なし,,,0,0,,地域要件確認表による
01468,北海道,下川町,全部条件不利地域,該当なし,,,0,0,,地域要件確認表による
01469,北海道,美深町,全部条件不利地域,該当なし,,,0,0,,地域要件確認表による
01470,北海道,音威子府村,全部条件不利地域,該当なし,,,0,0,,地域要件確認表による
01471,北海道,中川町,全部条件不利地域,該当なし,,,0,0,,地域要件確認表による
01481,北海道,増毛町,全部条件不利地域,該当なし,,,0,0,,地域要件確認表による
01482,北海道,小平町,全部条件不利地域,該当なし,,,0,0,,地域要件確認表による
01483,北海道,苫前町,全部条件不利地域,該当なし,,,0,0,,地域要件確認表による
01484,北海道,羽幌町,全部条件不利地域,該当なし,,,0,0,,地域要件確認表による
01485,北海道,初山別村,全部条件不利地域,該当なし,,,0,0,,地域要件確認表による
01486,北海道,遠別町,全部条件不利地域,該当なし,,,0,0,,地域要件確認表による
01487,北海道,天塩町,全部条件不利地域,該当なし,,,0,0,,地域要件確認表による
01520,北海道,幌延町,全部条件不利地域,該当なし,,,0,0,,地域要件確認表による
01511,北海道,猿払村,全部条件不利地域,該当なし,,,0,0,,地域要件確認表による
01512,北海道,浜頓別町,全部条件不利地域,該当なし,,,0,0,,地域要件確認表による
01513,北海道,中頓別町,全部条件不利地域,該当なし,,,0,0,,地域要件確認表による
01514,北海道,枝幸町,全部条件不利地域,該当なし,,,0,0,,地域要件確認表による
01516,北海道,豊富町,全部条件不利地域,該当なし,,,0,0,,地域要件確認表による
01517,北海道,礼文町,全部条件不利地域,該当なし,,,0,0,,地域要件確認表による
01518,北海道,利尻町,全部条件不利地域,該当なし,,,0,0,,地域要件確認表による
01519,北海道,利尻富士町,全部条件不利地域,該当なし,,,0,0,,地域要件確認表による
01543,北海道,美幌町,全部条件不利地域,該当なし,,,0,0,,地域要件確認表による
01544,北海道,津別町,全部条件不利地域,該当なし,,,0,0,,地域要件確認表による
01545,北海道,斜里町,全部条件不利地域,該当なし,,,0,0,,地域要件確認表による
01546,北海道,清里町,全部条件不利地域,該当なし,,,0,0,,地域要件確認表による
01547,北海道,小清水町,全部条件不利地域,該当なし,,,0,0,,地域要件確認表による
01549,北海道,訓子府町,全部条件不利地域,該当なし,,,0,0,,地域要件確認表による
01550,北海道,置戸町,全部条件不利地域,該当なし,,,0,0,,地域要件確認表による
01552,北海道,佐呂間町,全部条件不利地域,該当なし,,,0,0,,地域要件確認表による
01555,北海道,遠軽町,全部条件不利地域,該当なし,,,0,0,,地域要件確認表による
01559,北海道,湧別町,全部条件不利地域,該当なし,,,0,0,,地域要件確認表による
01560,北海道,滝上町,全部条件不利地域,該当なし,,,0,0,,地域要件確認表による
01561,北海道,興部町,全部条件不利地域,該当なし,,,0,0,,地域要件確認表による
01562,北海道,西興部村,全部条件不利地域,該当なし,,,0,0,,地域要件確認表による
01563,北海道,雄武町,全部条件不利地域,該当なし,,,0,0,,地域要件確認表による
01564,北海道,大空町,全部条件不利地域,該当なし,,,0,0,,地域要件確認表による
01571,北海道,豊浦町,全部条件不利地域,該当なし,,,0,0,,地域要件確認表による
01575,北海道,壮瞥町,全部条件不利地域,該当なし,,,0,0,,地域要件確認表による
01578,北海道,白老町,全部条件不利地域,該当なし,,,0,0,,地域要件確認表による
01581,北海道,厚真町,全部条件不利地域,該当なし,,,0,0,,地域要件確認表による
01584,北海道,洞爺湖町,全部条件不利地域,該当なし,,,0,0,,地域要件確認表による
01585,北海道,安平町,全部条件不利地域,該当なし,,,0,0,,地域要件確認表による
01586,北海道,むかわ町,全部条件不利地域,該当なし,,,0,0,,地域要件確認表による
01601,北海道,日高町,全部条件不利地域,該当なし,,,0,0,,地域要件確認表による
01602,北海道,平取町,全部条件不利地域,該当なし,,,0,0,,地域要件確認表による
01604,北海道,新冠町,全部条件不利地域,該当なし,,,0,0,,地域要件確認表による
01607,北海道,浦河町,全部条件不利地域,該当なし,,,0,0,,地域要件確認表による
01608,北海道,様似町,全部条件不利地域,該当なし,,,0,0,,地域要件確認表による
01609,北海道,えりも町,全部条件不利地域,該当なし,,,0,0,,地域要件確認表による
01610,北海道,新ひだか町,全部条件不利地域,該当なし,,,0,0,,地域要件確認表による
01631,北海道,音更町,都市地域,該当なし,,,0,0,,地域要件確認表による
01632,北海道,士幌町,都市地域,該当なし,,,0,0,,地域要件確認表による
01633,北海道,上士幌町,全部条件不利地域,該当なし,,,0,0,,地域要件確認表による
01634,北海道,鹿追町,全部条件不利地域,該当なし,,,0,0,,地域要件確認表による
01635,北海道,新得町,全部条件不利地域,該当なし,,,0,0,,地域要件確認表による
01636,北海道,清水町,全部条件不利地域,該当なし,,,0,0,,地域要件確認表による
01637,北海道,芽室町,都市地域,該当なし,,,0,0,,地域要件確認表による
01638,北海道,中札内村,都市地域,該当なし,,,0,0,,地域要件確認表による
01639,北海道,更別村,全部条件不利地域,該当なし,,,0,0,,地域要件確認表による
01641,北海道,大樹町,全部条件不利地域,該当なし,,,0,0,,地域要件確認表による
01642,北海道,広尾町,全部条件不利地域,該当なし,,,0,0,,地域要件確認表による
01643,北海道,幕別町,一部条件不利地域,該当なし,過疎|山村|離島|半島,,0,0,過疎:忠類村,地域要件確認表による
01644,北海道,池田町,全部条件不利地域,該当なし,,,0,0,,地域要件確認表による
01645,北海道,豊頃町,全部条件不利地域,該当なし,,,0,0,,地域要件確認表による
01646,北海道,本別町,全部条件不利地域,該当なし,,,0,0,,地域要件確認表による
01647,北海道,足寄町,全部条件不利地域,該当なし,,,0,0,,地域要件確認表による
01648,北海道,陸別町,全部条件不利地域,該当なし,,,0,0,,地域要件確認表による
01649,北海道,浦幌町,全部条件不利地域,該当なし,,,0,0,,地域要件確認表による
01661,北海道,釧路町,一部条件不利地域,該当なし,過疎|山村|離島|半島,,0,0,,地域要件確認表による
01662,北海道,厚岸町,全部条件不利地域,該当なし,,,0,0,,地域要件確認表による
01663,北海道,浜中町,全部条件不利地域,該当なし,,,0,0,,地域要件確認表による
01664,北海道,標茶町,全部条件不利地域,該当なし,,,0,0,,地域要件確認表による
01665,北海道,弟子屈町,全部条件不利地域,該当なし,,,0,0,,地域要件確認表による
01667,北海道,鶴居村,全部条件不利地域,該当なし,,,0,0,,地域要件確認表による
01668,北海道,白糠町,全部条件不利地域,該当なし,,,0,0,,地域要件確認表による
01691,北海道,別海町,全部条件不利地域,該当なし,,,0,0,,地域要件確認表による
01692,北海道,中標津町,都市地域,該当なし,,,0,0,,地域要件確認表による
01693,北海道,標津町,全部条件不利地域,該当なし,,,0,0,,地域要件確認表による
01694,北海道,羅臼町,全部条件不利地域,該当なし,,,0,0,,地域要件確認表による
02201,青森県,青森市,一部条件不利地域,該当なし,過疎|山村|離島|半島,,0,0,,地域要件確認表による
02202,青森県,弘前市,一部条件不利地域,該当なし,過疎|山村|離島|半島,,0,0,過疎:相馬村,地域要件確認表による
02203,青森県,八戸市,一部条件不利地域,該当なし,過疎|山村|離島|半島,,0,0,,地域要件確認表による|過疎法の経過措置を受ける卒業団体
02204,青森県,黒石市,一部条件不利地域,該当なし,過疎|山村|離島|半島,,0,0,,地域要件確認表による
02205,青森県,五所川原市,全部条件不利地域,該当なし,,,0,0,,地域要件確認表による
02206,青森県,十和田市,一部条件不利地域,該当なし,過疎|山村|離島|半島,,0,0,過疎:十和田湖町,地域要件確認表による
02207,青森県,三沢市,都市地域,該当なし,,,0,0,,地域要件確認表による
02208,青森県,むつ市,全部条件不利地域,該当なし,,,0,0,過疎:川内町・大畑町・脇野沢村,地域要件確認表による
02209,青森県,つがる市,全部条件不利地域,該当なし,,,0,0,,地域要件確認表による
02210,青森県,平川市,一部条件不利地域,該当なし,過疎|山村|離島|半島,,0,0,過疎:碇ケ関村,地域要件確認表による
02301,青森県,平内町,全部条件不利地域,該当なし,,,0,0,,地域要件確認表による
02303,青森県,今別町,全部条件不利地域,該当なし,,,0,0,,地域要件確認表による
02304,青森県,蓬田村,全部条件不利地域,該当なし,,,0,0,,地域要件確認表による
02307,青森県,外ヶ浜町,全部条件不利地域,該当なし,,,0,0,,地域要件確認表による
02321,青森県,鰺ヶ沢町,全部条件不利地域,該当なし,,,0,0,,地域要件確認表による
02323,青森県,深浦町,全部条件不利地域,該当なし,,,0,0,,地域要件確認表による
02343,青森県,西目屋村,全部条件不利地域,該当なし,,,0,0,,地域要件確認表による
02361,青森県,藤崎町,都市地域,該当なし,,,0,0,,地域要件確認表による
02362,青森県,大鰐町,全部条件不利地域,該当なし,,,0,0,,地域要件確認表による
02367,青森県,田舎館村,全部条件不利地域,該当なし,,,0,0,,地域要件確認表による
02381,青森県,板柳町,全部条件不利地域,該当なし,,,0,0,,地域要件確認表による
02384,青森県,鶴田町,全部条件不利地域,該当なし,,,0,0,,地域要件確認表による
02387,青森県,中泊町,全部条件不利地域,該当なし,,,0,0,,地域要件確認表による
02401,青森県,野辺地町,全部条件不利地域,該当なし,,,0,0,,地域要件確認表による
02402,青森県,七戸町,全部条件不利地域,該当なし,,,0,0,,地域要件確認表による
02405,青森県,六戸町,都市地域,該当なし,,,0,0,,地域要件確認表による
02406,青森県,横浜町,全部条件不利地域,該当なし,,,0,0,,地域要件確認表による
02408,青森県,東北町,全部条件不利地域,該当なし,,,0,0,,地域要件確認表による
02411,青森県,六ヶ所村,全部条件不利地域,該当なし,,,0,0,,地域要件確認表による
02412,青森県,おいらせ町,都市地域,該当なし,,,0,0,,地域要件確認表による
02423,青森県,大間町,全部条件不利地域,該当なし,,,0,0,,地域要件確認表による
02424,青森県,東通村,全部条件不利地域,該当なし,,,0,0,,地域要件確認表による|過疎法の経過措置を受ける卒業団体
02425,青森県,風間浦村,全部条件不利地域,該当なし,,,0,0,,地域要件確認表による
02426,青森県,佐井村,全部条件不利地域,該当なし,,,0,0,,地域要件確認表による
02441,青森県,三戸町,全部条件不利地域,該当なし,,,0,0,,地域要件確認表による
02442,青森県,五戸町,全部条件不利地域,該当なし,,,0,0,,地域要件確認表による
02443,青森県,田子町,全部条件不利地域,該当なし,,,0,0,,地域要件確認表による
02445,青森県,南部町,全部条件不利地域,該当なし,,,0,0,,地域要件確認表による
02446,青森県,階上町,都市地域,該当なし,,,0,0,,地域要件確認表による
02450,青森県,新郷村,全部条件不利地域,該当なし,,,0,0,,地域要件確認表による
03201,岩手県,盛岡市,一部条件不利地域,該当なし,過疎|山村|離島|半島,,0,0,,地域要件確認表による
03202,岩手県,宮古市,全部条件不利地域,該当なし,,,0,0,,地域要件確認表による
03203,岩手県,大船渡市,全部条件不利地域,該当なし,,,0,0,,地域要件確認表による
03205,岩手県,花巻市,一部条件不利地域,該当なし,過疎|山村|離島|半島,,0,0,過疎:大迫町・東和町,地域要件確認表による
03206,岩手県,北上市,一部条件不利地域,該当なし,過疎|山村|離島|半島,,0,0,,地域要件確認表による
03207,岩手県,久慈市,一部条件不利地域,該当なし,過疎|山村|離島|半島,,0,0,過疎:山形村,地域要件確認表による
03208,岩手県,遠野市,全部条件不利地域,該当なし,,,0,0,,地域要件確認表による
03209,岩手県,一関市,全部条件不利地域,該当なし,,,0,0,,地域要件確認表による
03210,岩手県,陸前高田市,全部条件不利地域,該当なし,,,0,0,,地域要件確認表による
03211,岩手県,釜石市,全部条件不利地域,該当なし,,,0,0,,地域要件確認表による
03213,岩手県,二戸市,全部条件不利地域,該当なし,,,0,0,,地域要件確認表による
03214,岩手県,八幡平市,全部条件不利地域,該当なし,,,0,0,,地域要件確認表による
03215,岩手県,奥州市,一部条件不利地域,該当なし,過疎|山村|離島|半島,,0,0,過疎:衣川村・江刺市,地域要件確認表による
03216,岩手県,滝沢市,都市地域,該当なし,,,0,0,,地域要件確認表による
03301,岩手県,雫石町,一部条件不利地域,該当なし,過疎|山村|離島|半島,,0,0,,地域要件確認表による
03302,岩手県,葛巻町,全部条件不利地域,該当なし,,,0,0,,地域要件確認表による
03303,岩手県,岩手町,全部条件不利地域,該当なし,,,0,0,,地域要件確認表による
03321,岩手県,紫波町,一部条件不利地域,該当なし,過疎|山村|離島|半島,,0,0,,地域要件確認表による
03322,岩手県,矢巾町,都市地域,該当なし,,,0,0,,地域要件確認表による
03366,岩手県,西和賀町,全部条件不利地域,該当なし,,,0,0,,地域要件確認表による
03381,岩手県,金ケ崎町,都市地域,該当なし,,,0,0,,地域要件確認表による
03402,岩手県,平泉町,都市地域,該当なし,,,0,0,,地域要件確認表による
03441,岩手県,住田町,全部条件不利地域,該当なし,,,0,0,,地域要件確認表による
03461,岩手県,大槌町,全部条件不利地域,該当なし,,,0,0,,地域要件確認表による
03482,岩手県,山田町,全部条件不利地域,該当なし,,,0,0,,地域要件確認表による
03483,岩手県,岩泉町,全部条件不利地域,該当なし,,,0,0,,地域要件確認表による
03484,岩手県,田野畑村,全部条件不利地域,該当なし,,,0,0,,地域要件確認表による
03485,岩手県,普代村,全部条件不利地域,該当なし,,,0,0,,地域要件確認表による
03501,岩手県,軽米町,全部条件不利地域,該当なし,,,0,0,,地域要件確認表による
03503,岩手県,野田村,全部条件不利地域,該当なし,,,0,0,,地域要件確認表による
03506,岩手県,九戸村,全部条件不利地域,該当なし,,,0,0,,地域要件確認表による
03507,岩手県,洋野町,全部条件不利地域,該当なし,,,0,0,,地域要件確認表による
03524,岩手県,一戸町,全部条件不利地域,該当なし,,,0,0,,地域要件確認表による
04100,宮城県,仙台市,一部条件不利地域,条件不利地域を含む,過疎|山村|離島|半島,,0,0,,地域要件確認表による
04202,宮城県,石巻市,一部条件不利地域,該当なし,過疎|山村|離島|半島,,0,0,過疎:河北町・雄勝町・北上町・牡鹿町・桃生町,地域要件確認表による
04203,宮城県,塩竈市,一部条件不利地域,該当なし,過疎|山村|離島|半島,,0,0,,地域要件確認表による
04205,宮城県,気仙沼市,全部条件不利地域,該当なし,,,0,0,,地域要件確認表による
04206,宮城県,白石市,都市地域,該当なし,,,0,0,,地域要件確認表による
04207,宮城県,名取市,都市地域,該当なし,,,0,0,,地域要件確認表による
04208,宮城県,角田市,都市地域,該当なし,,,0,0,,地域要件確認表による
04209,宮城県,多賀城市,都市地域,該当なし,,,0,0,,地域要件確認表による
04211,宮城県,岩沼市,都市地域,該当なし,,,0,0,,地域要件確認表による
04212,宮城県,登米市,一部条件不利地域,該当なし,過疎|山村|離島|半島,,0,0,過疎:登米町・東和町・米山町・石越町・津山町,地域要件確認表による
04213,宮城県,栗原市,全部条件不利地域,該当なし,,,0,0,,地域要件確認表による
04214,宮城県,東松島市,一部条件不利地域,該当なし,過疎|山村|離島|半島,,0,0,過疎:鳴瀬町,地域要件確認表による
04215,宮城県,大崎市,一部条件不利地域,該当なし,過疎|山村|離島|半島,,0,0,過疎:岩出山町・鳴子町・田尻町,地域要件確認表による
04301,宮城県,蔵王町,都市地域,該当なし,,,0,0,,地域要件確認表による
04302,宮城県,七ヶ宿町,全部条件不利地域,該当なし,,,0,0,,地域要件確認表による
04321,宮城県,大河原町,都市地域,該当なし,,,0,0,,地域要件確認表による
04322,宮城県,村田町,都市地域,該当なし,,,0,0,,地域要件確認表による
04323,宮城県,柴田町,都市地域,該当なし,,,0,0,,地域要件確認表による
04324,宮城県,川崎町,全部条件不利地域,該当なし,,,0,0,,地域要件確認表による
04341,宮城県,丸森町,全部条件不利地域,該当なし,,,0,0,,地域要件確認表による
04361,宮城県,亘理町,都市地域,該当なし,,,0,0,,地域要件確認表による
04362,宮城県,山元町,全部条件不利地域,該当なし,,,0,0,,地域要件確認表による
04401,宮城県,松島町,全部条件不利地域,該当なし,,,0,0,,地域要件確認表による
04404,宮城県,七ヶ浜町,都市地域,該当なし,,,0,0,,地域要件確認表による
04406,宮城県,利府町,都市地域,該当なし,,,0,0,,地域要件確認表による
04421,宮城県,大和町,一部条件不利地域,該当なし,過疎|山村|離島|半島,,0,0,,地域要件確認表による
04422,宮城県,大郷町,全部条件不利地域,該当なし,,,0,0,,地域要件確認表による
04216,宮城県,富谷市,都市地域,該当なし,,,0,0,,地域要件確認表による
04424,宮城県,大衡村,都市地域,該当なし,,,0,0,,地域要件確認表による
04444,宮城県,色麻町,都市地域,該当なし,,,0,0,,地域要件確認表による
04445,宮城県,加美町,全部条件不利地域,該当なし,,,0,0,,地域要件確認表による
04501,宮城県,涌谷町,全部条件不利地域,該当なし,,,0,0,,地域要件確認表による
04505,宮城県,美里町,一部条件不利地域,該当なし,過疎|山村|離島|半島,,0,0,過疎:南郷町,地域要件確認表による
04581,宮城県,女川町,一部条件不利地域,該当なし,過疎|山村|離島|半島,,0,0,,地域要件確認表による
04606,宮城県,南三陸町,全部条件不利地域,該当なし,,,0,0,,地域要件確認表による
05201,秋田県,秋田市,一部条件不利地域,該当なし,過疎|山村|離島|半島,,0,0,,地域要件確認表による|過疎法の経過措置を受ける卒業団体
05202,秋田県,能代市,全部条件不利地域,該当なし,,,0,0,,地域要件確認表による
05203,秋田県,横手市,全部条件不利地域,該当なし,,,0,0,,地域要件確認表による
05204,秋田県,大館市,全部条件不利地域,該当なし,,,0,0,,地域要件確認表による
05206,秋田県,男鹿市,全部条件不利地域,該当なし,,,0,0,,地域要件確認表による
05207,秋田県,湯沢市,全部条件不利地域,該当なし,,,0,0,,地域要件確認表による
05209,秋田県,鹿角市,全部条件不利地域,該当なし,,,0,0,,地域要件確認表による
05210,秋田県,由利本荘市,全部条件不利地域,該当なし,,,0,0,,地域要件確認表による
05211,秋田県,潟上市,一部条件不利地域,該当なし,過疎|山村|離島|半島,,0,0,過疎:昭和町・飯田川町,地域要件確認表による
05212,秋田県,大仙市,全部条件不利地域,該当なし,,,0,0,,地域要件確認表による
05213,秋田県,北秋田市,全部条件不利地域,該当なし,,,0,0,,地域要件確認表による
05214,秋田県,にかほ市,全部条件不利地域,該当なし,,,0,0,,地域要件確認表による
05215,秋田県,仙北市,全部条件不利地域,該当なし,,,0,0,,地域要件確認表による
05303,秋田県,小坂町,全部条件不利地域,該当なし,,,0,0,,地域要件確認表による
05327,秋田県,上小阿仁村,全部条件不利地域,該当なし,,,0,0,,地域要件確認表による
05346,秋田県,藤里町,全部条件不利地域,該当なし,,,0,0,,地域要件確認表による
05348,秋田県,三種町,全部条件不利地域,該当なし,,,0,0,,地域要件確認表による
05349,秋田県,八峰町,全部条件不利地域,該当なし,,,0,0,,地域要件確認表による
05361,秋田県,五城目町,全部条件不利地域,該当なし,,,0,0,,地域要件確認表による
05363,秋田県,八郎潟町,全部条件不利地域,該当なし,,,0,0,,地域要件確認表による
05366,秋田県,井川町,全部条件不利地域,該当なし,,,0,0,,地域要件確認表による
05368,秋田県,大潟村,全部条件不利地域,該当なし,,,0,0,,地域要件確認表による
05434,秋田県,美郷町,全部条件不利地域,該当なし,,,0,0,,地域要件確認表による
05463,秋田県,羽後町,全部条件不利地域,該当なし,,,0,0,,地域要件確認表による
05464,秋田県,東成瀬村,全部条件不利地域,該当なし,,,0,0,,地域要件確認表による
06201,山形県,山形市,一部条件不利地域,該当なし,過疎|山村|離島|半島,,0,0,,地域要件確認表による
06202,山形県,米沢市,一部条件不利地域,該当なし,過疎|山村|離島|半島,,0,0,,地域要件確認表による
06203,山形県,鶴岡市,全部条件不利地域,該当なし,,,0,0,,地域要件確認表による
06204,山形県,酒田市,一部条件不利地域,該当なし,過疎|山村|離島|半島,,0,0,過疎:八幡町・松山町・平田町,地域要件確認表による
06205,山形県,新庄市,都市地域,該当なし,,,0,0,,地域要件確認表による
06206,山形県,寒河江市,一部条件不利地域,該当なし,過疎|山村|離島|半島,,0,0,,地域要件確認表による
06207,山形県,上山市,全部条件不利地域,該当なし,,,0,0,,地域要件確認表による
06208,山形県,村山市,全部条件不利地域,該当なし,,,0,0,,地域要件確認表による
06209,山形県,長井市,都市地域,該当なし,,,0,0,,地域要件確認表による
06210,山形県,天童市,一部条件不利地域,該当なし,過疎|山村|離島|半島,,0,0,,地域要件確認表による
06211,山形県,東根市,一部条件不利地域,該当なし,過疎|山村|離島|半島,,0,0,,地域要件確認表による
06212,山形県,尾花沢市,全部条件不利地域,該当なし,,,0,0,,地域要件確認表による
06213,山形県,南陽市,一部条件不利地域,該当なし,過疎|山村|離島|半島,,0,0,,地域要件確認表による
06301,山形県,山辺町,都市地域,該当なし,,,0,0,,地域要件確認表による
06302,山形県,中山町,都市地域,該当なし,,,0,0,,地域要件確認表による
06321,山形県,河北町,都市地域,該当なし,,,0,0,,地域要件確認表による
06322,山形県,西川町,全部条件不利地域,該当なし,,,0,0,,地域要件確認表による
06323,山形県,朝日町,全部条件不利地域,該当なし,,,0,0,,地域要件確認表による
06324,山形県,大江町,全部条件不利地域,該当なし,,,0,0,,地域要件確認表による
06341,山形県,大石田町,全部条件不利地域,該当なし,,,0,0,,地域要件確認表による
06361,山形県,金山町,全部条件不利地域,該当なし,,,0,0,,地域要件確認表による
06362,山形県,最上町,全部条件不利地域,該当なし,,,0,0,,地域要件確認表による
06363,山形県,舟形町,全部条件不利地域,該当なし,,,0,0,,地域要件確認表による
06364,山形県,真室川町,全部条件不利地域,該当なし,,,0,0,,地域要件確認表による
06365,山形県,大蔵村,全部条件不利地域,該当なし,,,0,0,,地域要件確認表による
06366,山形県,鮭川村,全部条件不利地域,該当なし,,,0,0,,地域要件確認表による
06367,山形県,戸沢村,全部条件不利地域,該当なし,,,0,0,,地域要件確認表による
06381,山形県,高畠町,一部条件不利地域,該当なし,過疎|山村|離島|半島,,0,0,,地域要件確認表による
06382,山形県,川西町,全部条件不利地域,該当なし,,,0,0,,地域要件確認表による
06401,山形県,小国町,全部条件不利地域,該当なし,,,0,0,,地域要件確認表による
06402,山形県,白鷹町,全部条件不利地域,該当なし,,,0,0,,地域要件確認表による
06403,山形県,飯豊町,全部条件不利地域,該当なし,,,0,0,,地域要件確認表による
06426,山形県,三川町,都市地域,該当なし,,,0,0,,地域要件確認表による
06428,山形県,庄内町,全部条件不利地域,該当なし,,,0,0,,地域要件確認表による
06461,山形県,遊佐町,全部条件不利地域,該当なし,,,0,0,,地域要件確認表による
07201,福島県,福島市,一部条件不利地域,該当なし,過疎|山村|離島|半島,,0,0,,地域要件確認表による
07202,福島県,会津若松市,一部条件不利地域,該当なし,過疎|山村|離島|半島,,0,0,,地域要件確認表による
07203,福島県,郡山市,一部条件不利地域,該当なし,過疎|山村|離島|半島,,0,0,,地域要件確認表による
07204,福島県,いわき市,一部条件不利地域,該当なし,過疎|山村|離島|半島,,0,0,,地域要件確認表による
07205,福島県,白河市,一部条件不利地域,該当なし,過疎|山村|離島|半島,,0,0,過疎:表郷村・大信村,地域要件確認表による
07207,福島県,須賀川市,一部条件不利地域,該当なし,過疎|山村|離島|半島,,0,0,過疎:長沼町・岩瀬村,地域要件確認表による
07208,福島県,喜多方市,全部条件不利地域,該当なし,,,0,0,,地域要件確認表による
07209,福島県,相馬市,一部条件不利地域,該当なし,過疎|山村|離島|半島,,0,0,,地域要件確認表による
07210,福島県,二本松市,一部条件不利地域,該当なし,過疎|山村|離島|半島,,0,0,過疎:岩代町・東和町,地域要件確認表による
07211,福島県,田村市,全部条件不利地域,該当なし,,,0,0,,地域要件確認表による
07212,福島県,南相馬市,一部条件不利地域,該当なし,過疎|山村|離島|半島,,0,0,,地域要件確認表による
07213,福島県,伊達市,一部条件不利地域,該当なし,過疎|山村|離島|半島,,0,0,過疎:梁川町・霊山町・月舘町,地域要件確認表による
07214,福島県,本宮市,都市地域,該当なし,,,0,0,,地域要件確認表による
07301,福島県,桑折町,都市地域,該当なし,,,0,0,,地域要件確認表による
07303,福島県,国見町,全部条件不利地域,該当なし,,,0,0,,地域要件確認表による
07308,福島県,川俣町,全部条件不利地域,該当なし,,,0,0,,地域要件確認表による
07322,福島県,大玉村,一部条件不利地域,該当なし,過疎|山村|離島|半島,,0,0,,地域要件確認表による
07342,福島県,鏡石町,都市地域,該当なし,,,0,0,,地域要件確認表による
07344,福島県,天栄村,全部条件不利地域,該当なし,,,0,0,,地域要件確認表による
07362,福島県,下郷町,全部条件不利地域,該当なし,,,0,0,,地域要件確認表による
07364,福島県,檜枝岐村,全部条件不利地域,該当なし,,,0,0,,地域要件確認表による
07367,福島県,只見町,全部条件不利地域,該当なし,,,0,0,,地域要件確認表による
07368,福島県,南会津町,全部条件不利地域,該当なし,,,0,0,,地域要件確認表による
07402,福島県,北塩原村,全部条件不利地域,該当なし,,,0,0,,地域要件確認表による
07405,福島県,西会津町,全部条件不利地域,該当なし,,,0,0,,地域要件確認表による
07407,福島県,磐梯町,全部条件不利地域,該当なし,,,0,0,,地域要件確認表による
07408,福島県,猪苗代町,全部条件不利地域,該当なし,,,0,0,,地域要件確認表による
07421,福島県,会津坂下町,全部条件不利地域,該当なし,,,0,0,,地域要件確認表による
07422,福島県,湯川村,全部条件不利地域,該当なし,,,0,0,,地域要件確認表による|過疎法の経過措置を受ける卒業団体
07423,福島県,柳津町,全部条件不利地域,該当なし,,,0,0,,地域要件確認表による
07444,福島県,三島町,全部条件不利地域,該当なし,,,0,0,,地域要件確認表による
07445,福島県,金山町,全部条件不利地域,該当なし,,,0,0,,地域要件確認表による
07446,福島県,昭和村,全部条件不利地域,該当なし,,,0,0,,地域要件確認表による
07447,福島県,会津美里町,全部条件不利地域,該当なし,,,0,0,,地域要件確認表による
07461,福島県,西郷村,全部条件不利地域,該当なし,,,0,0,,地域要件確認表による
07464,福島県,泉崎村,都市地域,該当なし,,,0,0,,地域要件確認表による
07465,福島県,中島村,都市地域,該当なし,,,0,0,,地域要件確認表による
07466,福島県,矢吹町,都市地域,該当なし,,,0,0,,地域要件確認表による
07481,福島県,棚倉町,一部条件不利地域,該当なし,過疎|山村|離島|半島,,0,0,,地域要件確認表による
07482,福島県,矢祭町,全部条件不利地域,該当なし,,,0,0,,地域要件確認表による
07483,福島県,塙町,全部条件不利地域,該当なし,,,0,0,,地域要件確認表による
07484,福島県,鮫川村,全部条件不利地域,該当なし,,,0,0,,地域要件確認表による
07501,福島県,石川町,全部条件不利地域,該当なし,,,0,0,,地域要件確認表による
07502,福島県,玉川村,都市地域,該当なし,,,0,0,,地域要件確認表による
07503,福島県,平田村,全部条件不利地域,該当なし,,,0,0,,地域要件確認表による
07504,福島県,浅川町,都市地域,該当なし,,,0,0,,地域要件確認表による
07505,福島県,古殿町,全部条件不利地域,該当なし,,,0,0,,地域要件確認表による
07521,福島県,三春町,都市地域,該当なし,,,0,0,,地域要件確認表による
07522,福島県,小野町,全部条件不利地域,該当なし,,,0,0,,地域要件確認表による
07541,福島県,広野町,全部条件不利地域,該当なし,,,0,0,,地域要件確認表による
07542,福島県,楢葉町,一部条件不利地域,該当なし,過疎|山村|離島|半島,,0,0,,地域要件確認表による
07543,福島県,富岡町,都市地域,該当なし,,,0,0,,地域要件確認表による
07544,福島県,川内村,全部条件不利地域,該当なし,,,0,0,,地域要件確認表による
07545,福島県,大熊町,一部条件不利地域,該当なし,過疎|山村|離島|半島,,0,0,,地域要件確認表による
07546,福島県,双葉町,都市地域,該当なし,,,0,0,,地域要件確認表による
07547,福島県,浪江町,全部条件不利地域,該当なし,,,0,0,,地域要件確認表による
07548,福島県,葛尾村,全部条件不利地域,該当なし,,,0,0,,地域要件確認表による
07561,福島県,新地町,都市地域,該当なし,,,0,0,,地域要件確認表による
07564,福島県,飯舘村,全部条件不利地域,該当なし,,,0,0,,地域要件確認表による
08201,茨城県,水戸市,都市地域,該当なし,,,0,0,,地域要件確認表による
08202,茨城県,日立市,一部条件不利地域,該当なし,過疎|山村|離島|半島,,0,0,,地域要件確認表による
08203,茨城県,土浦市,都市地域,該当なし,,,0,0,,地域要件確認表による
08204,茨城県,古河市,都市地域,該当なし,,,0,0,,地域要件確認表による
08205,茨城県,石岡市,都市地域,該当なし,,,0,0,,地域要件確認表による
08207,茨城県,結城市,都市地域,該当なし,,,0,0,,地域要件確認表による
08208,茨城県,龍ケ崎市,都市地域,該当なし,,,0,0,,地域要件確認表による
08210,茨城県,下妻市,都市地域,該当なし,,,0,0,,地域要件確認表による
08211,茨城県,常総市,都市地域,該当なし,,,0,0,,地域要件確認表による
08212,茨城県,常陸太田市,一部条件不利地域,該当なし,過疎|山村|離島|半島,,0,0,過疎:水府村・里美村,地域要件確認表による|過疎法の経過措置を受ける卒業団体
08214,茨城県,高萩市,一部条件不利地域,該当なし,過疎|山村|離島|半島,,0,0,,地域要件確認表による
08215,茨城県,北茨城市,都市地域,該当なし,,,0,0,,地域要件確認表による
08216,茨城県,笠間市,都市地域,該当なし,,,0,0,,地域要件確認表による
08217,茨城県,取手市,都市地域,該当なし,,,0,0,,地域要件確認表による
08219,茨城県,牛久市,都市地域,該当なし,,,0,0,,地域要件確認表による
08220,茨城県,つくば市,都市地域,該当なし,,,0,0,,地域要件確認表による
08221,茨城県,ひたちなか市,都市地域,該当なし,,,0,0,,地域要件確認表による
08222,茨城県,鹿嶋市,都市地域,該当なし,,,0,0,,地域要件確認表による
08223,茨城県,潮来市,一部条件不利地域,該当なし,過疎|山村|離島|半島,,0,0,過疎:牛堀町,地域要件確認表による
08224,茨城県,守谷市,都市地域,該当なし,,,0,0,,地域要件確認表による
08225,茨城県,常陸大宮市,一部条件不利地域,該当なし,過疎|山村|離島|半島,,0,0,過疎:御前山村・山方町・美和村・緒川村,地域要件確認表による
08226,茨城県,那珂市,都市地域,該当なし,,,0,0,,地域要件確認表による
08227,茨城県,筑西市,都市地域,該当なし,,,0,0,,地域要件確認表による
08228,茨城県,坂東市,都市地域,該当なし,,,0,0,,地域要件確認表による
08229,茨城県,稲敷市,全部条件不利地域,該当なし,,,0,0,,地域要件確認表による
08230,茨城県,かすみがうら市,一部条件不利地域,該当なし,過疎|山村|離島|半島,,0,0,過疎:霞ヶ浦町,地域要件確認表による
08231,茨城県,桜川市,全部条件不利地域,該当なし,,,0,0,,地域要件確認表による
08232,茨城県,神栖市,都市地域,該当なし,,,0,0,,地域要件確認表による
08233,茨城県,行方市,全部条件不利地域,該当なし,,,0,0,,地域要件確認表による
08234,茨城県,鉾田市,都市地域,該当なし,,,0,0,,地域要件確認表による
08235,茨城県,つくばみらい市,都市地域,該当なし,,,0,0,,地域要件確認表による
08236,茨城県,小美玉市,都市地域,該当なし,,,0,0,,地域要件確認表による
08302,茨城県,茨城町,都市地域,該当なし,,,0,0,,地域要件確認表による
08309,茨城県,大洗町,都市地域,該当なし,,,0,0,,地域要件確認表による
08310,茨城県,城里町,一部条件不利地域,該当なし,過疎|山村|離島|半島,,0,0,過疎:七会村・桂村,地域要件確認表による
08341,茨城県,東海村,都市地域,該当なし,,,0,0,,地域要件確認表による
08364,茨城県,大子町,全部条件不利地域,該当なし,,,0,0,,地域要件確認表による
08442,茨城県,美浦村,都市地域,該当なし,,,0,0,,地域要件確認表による
08443,茨城県,阿見町,都市地域,該当なし,,,0,0,,地域要件確認表による
08447,茨城県,河内町,全部条件不利地域,該当なし,,,0,0,,地域要件確認表による
08521,茨城県,八千代町,都市地域,該当なし,,,0,0,,地域要件確認表による
08542,茨城県,五霞町,都市地域,該当なし,,,0,0,,地域要件確認表による
08546,茨城県,境町,都市地域,該当なし,,,0,0,,地域要件確認表による
08564,茨城県,利根町,全部条件不利地域,該当なし,,,0,0,,地域要件確認表による
09201,栃木県,宇都宮市,都市地域,該当なし,,,0,0,,地域要件確認表による
09202,栃木県,足利市,都市地域,該当なし,,,0,0,,地域要件確認表による
09203,栃木県,栃木市,一部条件不利地域,該当なし,過疎|山村|離島|半島,,0,0,,地域要件確認表による
09204,栃木県,佐野市,一部条件不利地域,該当なし,過疎|山村|離島|半島,,0,0,,地域要件確認表による
09205,栃木県,鹿沼市,一部条件不利地域,該当なし,過疎|山村|離島|半島,,0,0,,地域要件確認表による
09206,栃木県,日光市,一部条件不利地域,該当なし,過疎|山村|離島|半島,,0,0,過疎:日光市・足尾町・栗山村・藤原町,地域要件確認表による
09208,栃木県,小山市,都市地域,該当なし,,,0,0,,地域要件確認表による
09209,栃木県,真岡市,都市地域,該当なし,,,0,0,,地域要件確認表による
09210,栃木県,大田原市,一部条件不利地域,該当なし,過疎|山村|離島|半島,,0,0,過疎:湯津上村・黒羽町,地域要件確認表による
09211,栃木県,矢板市,一部条件不利地域,該当なし,過疎|山村|離島|半島,,0,0,,地域要件確認表による
09213,栃木県,那須塩原市,一部条件不利地域,該当なし,過疎|山村|離島|半島,,0,0,,地域要件確認表による
09214,栃木県,さくら市,都市地域,該当なし,,,0,0,,地域要件確認表による
09215,栃木県,那須烏山市,全部条件不利地域,該当なし,,,0,0,,地域要件確認表による
09216,栃木県,下野市,都市地域,該当なし,,,0,0,,地域要件確認表による
09301,栃木県,上三川町,都市地域,該当なし,,,0,0,,地域要件確認表による
09342,栃木県,益子町,都市地域,該当なし,,,0,0,,地域要件確認表による
09343,栃木県,茂木町,全部条件不利地域,該当なし,,,0,0,,地域要件確認表による
09344,栃木県,市貝町,都市地域,該当なし,,,0,0,,地域要件確認表による
09345,栃木県,芳賀町,都市地域,該当なし,,,0,0,,地域要件確認表による
09361,栃木県,壬生町,都市地域,該当なし,,,0,0,,地域要件確認表による
09364,栃木県,野木町,都市地域,該当なし,,,0,0,,地域要件確認表による
09384,栃木県,塩谷町,全部条件不利地域,該当なし,,,0,0,,地域要件確認表による
09386,栃木県,高根沢町,都市地域,該当なし,,,0,0,,地域要件確認表による
09407,栃木県,那須町,一部条件不利地域,該当なし,過疎|山村|離島|半島,,0,0,,地域要件確認表による
09411,栃木県,那珂川町,全部条件不利地域,該当なし,,,0,0,,地域要件確認表による
10201,群馬県,前橋市,都市地域,該当なし,,,0,0,,地域要件確認表による
10202,群馬県,高崎市,一部条件不利地域,該当なし,過疎|山村|離島|半島,,0,0,,地域要件確認表による|過疎法の経過措置を受ける卒業団体
10203,群馬県,桐生市,一部条件不利地域,該当なし,過疎|山村|離島|半島,,0,0,過疎:桐生市・黒保根村,地域要件確認表による
10204,群馬県,伊勢崎市,都市地域,該当なし,,,0,0,,地域要件確認表による
10205,群馬県,太田市,都市地域,該当なし,,,0,0,,地域要件確認表による
10206,群馬県,沼田市,一部条件不利地域,該当なし,過疎|山村|離島|半島,,0,0,過疎:利根村,地域要件確認表による
10207,群馬県,館林市,都市地域,該当なし,,,0,0,,地域要件確認表による
10208,群馬県,渋川市,一部条件不利地域,該当なし,過疎|山村|離島|半島,,0,0,過疎:赤城村・小野上村・伊香保町,地域要件確認表による
10209,群馬県,藤岡市,一部条件不利地域,該当なし,過疎|山村|離島|半島,,0,0,,地域要件確認表による|過疎法の経過措置を受ける卒業団体
10210,群馬県,富岡市,都市地域,該当なし,,,0,0,,地域要件確認表による
10211,群馬県,安中市,一部条件不利地域,該当なし,過疎|山村|離島|半島,,0,0,,地域要件確認表による
10212,群馬県,みどり市,一部条件不利地域,該当なし,過疎|山村|離島|半島,,0,0,過疎:東村・大間々町,地域要件確認表による
10344,群馬県,榛東村,都市地域,該当なし,,,0,0,,地域要件確認表による
10345,群馬県,吉岡町,都市地域,該当なし,,,0,0,,地域要件確認表による
10366,群馬県,上野村,全部条件不利地域,該当なし,,,0,0,,地域要件確認表による|過疎法の経過措置を受ける卒業団体
10367,群馬県,神流町,全部条件不利地域,該当なし,,,0,0,,地域要件確認表による
10382,群馬県,下仁田町,全部条件不利地域,該当なし,,,0,0,,地域要件確認表による
10383,群馬県,南牧村,全部条件不利地域,該当なし,,,0,0,,地域要件確認表による
10384,群馬県,甘楽町,都市地域,該当なし,,,0,0,,地域要件確認表による
10421,群馬県,中之条町,全部条件不利地域,該当なし,,,0,0,,地域要件確認表による
10424,群馬県,長野原町,全部条件不利地域,該当なし,,,0,0,,地域要件確認表による
10425,群馬県,嬬恋村,全部条件不利地域,該当なし,,,0,0,,地域要件確認表による|過疎法の経過措置を受ける卒業団体
10426,群馬県,草津町,都市地域,該当なし,,,0,0,,地域要件確認表による
10428,群馬県,高山村,全部条件不利地域,該当なし,,,0,0,,地域要件確認表による
10429,群馬県,東吾妻町,全部条件不利地域,該当なし,,,0,0,,地域要件確認表による
10443,群馬県,片品村,全部条件不利地域,該当なし,,,0,0,,地域要件確認表による
10444,群馬県,川場村,全部条件不利地域,該当なし,,,0,0,,地域要件確認表による
10448,群馬県,昭和村,都市地域,該当なし,,,0,0,,地域要件確認表による
10449,群馬県,みなかみ町,全部条件不利地域,該当なし,,,0,0,,地域要件確認表による
10464,群馬県,玉村町,都市地域,該当なし,,,0,0,,地域要件確認表による
10521,群馬県,板倉町,都市地域,該当なし,,,0,0,,地域要件確認表による
10522,群馬県,明和町,都市地域,該当なし,,,0,0,,地域要件確認表による
10523,群馬県,千代田町,都市地域,該当なし,,,0,0,,地域要件確認表による
10524,群馬県,大泉町,都市地域,該当なし,,,0,0,,地域要件確認表による
10525,群馬県,邑楽町,都市地域,該当なし,,,0,0,,地域要件確認表による
11100,埼玉県,さいたま市,都市地域,条件不利地域を含まない,,,1,0,,地域要件確認表による
11201,埼玉県,川越市,都市地域,該当なし,,,1,0,,地域要件確認表による
11202,埼玉県,熊谷市,都市地域,該当なし,,,1,0,,地域要件確認表による
11203,埼玉県,川口市,都市地域,該当なし,,,1,0,,地域要件確認表による
11206,埼玉県,行田市,都市地域,該当なし,,,1,0,,地域要件確認表による
11207,埼玉県,秩父市,一部条件不利地域,該当なし,過疎|山村|離島|半島,,1,0,過疎:吉田町・大滝村・荒川村,地域要件確認表による
11208,埼玉県,所沢市,都市地域,該当なし,,,1,0,,地域要件確認表による
11209,埼玉県,飯能市,一部条件不利地域,該当なし,過疎|山村|離島|半島,,1,0,,地域要件確認表による
11210,埼玉県,加須市,都市地域,該当なし,,,1,0,,地域要件確認表による
11211,埼玉県,本庄市,一部条件不利地域,該当なし,過疎|山村|離島|半島,,1,0,,地域要件確認表による
11212,埼玉県,東松山市,都市地域,該当なし,,,1,0,,地域要件確認表による
11214,埼玉県,春日部市,都市地域,該当なし,,,1,0,,地域要件確認表による
11215,埼玉県,狭山市,都市地域,該当なし,,,1,0,,地域要件確認表による
11216,埼玉県,羽生市,都市地域,該当なし,,,1,0,,地域要件確認表による
11217,埼玉県,鴻巣市,都市地域,該当なし,,,1,0,,地域要件確認表による
11218,埼玉県,深谷市,都市地域,該当なし,,,1,0,,地域要件確認表による
11219,埼玉県,上尾市,都市地域,該当なし,,,1,0,,地域要件確認表による
11221,埼玉県,草加市,都市地域,該当なし,,,1,0,,地域要件確認表による
11222,埼玉県,越谷市,都市地域,該当なし,,,1,0,,地域要件確認表による
11223,埼玉県,蕨市,都市地域,該当なし,,,1,0,,地域要件確認表による
11224,埼玉県,戸田市,都市地域,該当なし,,,1,0,,地域要件確認表による
11225,埼玉県,入間市,都市地域,該当なし,,,1,0,,地域要件確認表による
11227,埼玉県,朝霞市,都市地域,該当なし,,,1,0,,地域要件確認表による
11228,埼玉県,志木市,都市地域,該当なし,,,1,0,,地域要件確認表による
11229,埼玉県,和光市,都市地域,該当なし,,,1,0,,地域要件確認表による
11230,埼玉県,新座市,都市地域,該当なし,,,1,0,,地域要件確認表による
11231,埼玉県,桶川市,都市地域,該当なし,,,1,0,,地域要件確認表による
11232,埼玉県,久喜市,都市地域,該当なし,,,1,0,,地域要件確認表による
11233,埼玉県,北本市,都市地域,該当なし,,,1,0,,地域要件確認表による
11234,埼玉県,八潮市,都市地域,該当なし,,,1,0,,地域要件確認表による
11235,埼玉県,富士見市,都市地域,該当なし,,,1,0,,地域要件確認表による
11237,埼玉県,三郷市,都市地域,該当なし,,,1,0,,地域要件確認表による
11238,埼玉県,蓮田市,都市地域,該当なし,,,1,0,,地域要件確認表による
11239,埼玉県,坂戸市,都市地域,該当なし,,,1,0,,地域要件確認表による
11240,埼玉県,幸手市,都市地域,該当なし,,,1,0,,地域要件確認表による
11241,埼玉県,鶴ヶ島市,都市地域,該当なし,,,1,0,,地域要件確認表による
11242,埼玉県,日高市,都市地域,該当なし,,,1,0,,地域要件確認表による
11243,埼玉県,吉川市,都市地域,該当なし,,,1,0,,地域要件確認表による
11245,埼玉県,ふじみ野市,都市地域,該当なし,,,1,0,,地域要件確認表による
11301,埼玉県,伊奈町,都市地域,該当なし,,,1,0,,地域要件確認表による
11324,埼玉県,三芳町,都市地域,該当なし,,,1,0,,地域要件確認表による
11326,埼玉県,毛呂山町,都市地域,該当なし,,,1,0,,地域要件確認表による
11327,埼玉県,越生町,都市地域,該当なし,,,0,1,,地域要件確認表による
11341,埼玉県,滑川町,都市地域,該当なし,,,1,0,,地域要件確認表による
11342,埼玉県,嵐山町,都市地域,該当なし,,,1,0,,地域要件確認表による
11343,埼玉県,小川町,都市地域,該当なし,,,0,1,,地域要件確認表による
11346,埼玉県,川島町,都市地域,該当なし,,,1,0,,地域要件確認表による
11347,埼玉県,吉見町,都市地域,該当なし,,,0,1,,地域要件確認表による
11348,埼玉県,鳩山町,都市地域,該当なし,,,1,0,,地域要件確認表による
11349,埼玉県,ときがわ町,全部条件不利地域,該当なし,,,1,0,,地域要件確認表による
11361,埼玉県,横瀬町,一部条件不利地域,該当なし,過疎|山村|離島|半島,,1,0,,地域要件確認表による
11362,埼玉県,皆野町,全部条件不利地域,該当なし,,,1,0,,地域要件確認表による
11363,埼玉県,長瀞町,全部条件不利地域,該当なし,,,1,0,,地域要件確認表による
11365,埼玉県,小鹿野町,全部条件不利地域,該当なし,,,1,0,,地域要件確認表による
11369,埼玉県,東秩父村,全部条件不利地域,該当なし,,,1,0,,地域要件確認表による
11381,埼玉県,美里町,都市地域,該当なし,,,1,0,,地域要件確認表による
11383,埼玉県,神川町,一部条件不利地域,該当なし,過疎|山村|離島|半島,,1,0,過疎:神泉村,地域要件確認表による
11385,埼玉県,上里町,都市地域,該当なし,,,1,0,,地域要件確認表による
11408,埼玉県,寄居町,都市地域,該当なし,,,1,0,,地域要件確認表による
11442,埼玉県,宮代町,都市地域,該当なし,,,1,0,,地域要件確認表による
11246,埼玉県,白岡市,都市地域,該当なし,,,1,0,,地域要件確認表による
11464,埼玉県,杉戸町,都市地域,該当なし,,,1,0,,地域要件確認表による
11465,埼玉県,松伏町,都市地域,該当なし,,,1,0,,地域要件確認表による
12100,千葉県,千葉市,都市地域,条件不利地域を含まない,,,1,0,,地域要件確認表による
12202,千葉県,銚子市,都市地域,該当なし,,,0,1,,地域要件確認表による
12203,千葉県,市川市,都市地域,該当なし,,,1,0,,地域要件確認表による
12204,千葉県,船橋市,都市地域,該当なし,,,1,0,,地域要件確認表による
12205,千葉県,館山市,全部条件不利地域,該当なし,,,1,0,,地域要件確認表による
12206,千葉県,木更津市,都市地域,該当なし,,,1,0,,地域要件確認表による
12207,千葉県,松戸市,都市地域,該当なし,,,1,0,,地域要件確認表による
12208,千葉県,野田市,都市地域,該当なし,,,1,0,,地域要件確認表による
12210,千葉県,茂原市,都市地域,該当なし,,,1,0,,地域要件確認表による
12211,千葉県,成田市,都市地域,該当なし,,,1,0,,地域要件確認表による
12212,千葉県,佐倉市,都市地域,該当なし,,,1,0,,地域要件確認表による
12213,千葉県,東金市,都市地域,該当なし,,,1,0,,地域要件確認表による
12215,千葉県,旭市,一部条件不利地域,該当なし,過疎|山村|離島|半島,,1,0,過疎:干潟町,地域要件確認表による
12216,千葉県,習志野市,都市地域,該当なし,,,1,0,,地域要件確認表による
12217,千葉県,柏市,都市地域,該当なし,,,1,0,,地域要件確認表による
12218,千葉県,勝浦市,全部条件不利地域,該当なし,,,1,0,,地域要件確認表による
12219,千葉県,市原市,都市地域,該当なし,,,1,0,,地域要件確認表による
12220,千葉県,流山市,都市地域,該当なし,,,1,0,,地域要件確認表による
12221,千葉県,八千代市,都市地域,該当なし,,,1,0,,地域要件確認表による
12222,千葉県,我孫子市,都市地域,該当なし,,,1,0,,地域要件確認表による
12223,千葉県,鴨川市,全部条件不利地域,該当なし,,,1,0,過疎:天津小湊町,地域要件確認表による
12224,千葉県,鎌ケ谷市,都市地域,該当なし,,,1,0,,地域要件確認表による
12225,千葉県,君津市,都市地域,該当なし,,,1,0,,地域要件確認表による
12226,千葉県,富津市,全部条件不利地域,該当なし,,,1,0,,地域要件確認表による
12227,千葉県,浦安市,都市地域,該当なし,,,1,0,,地域要件確認表による
12228,千葉県,四街道市,都市地域,該当なし,,,1,0,,地域要件確認表による
12229,千葉県,袖ケ浦市,都市地域,該当なし,,,1,0,,地域要件確認表による
12230,千葉県,八街市,都市地域,該当なし,,,1,0,,地域要件確認表による
12231,千葉県,印西市,都市地域,該当なし,,,1,0,,地域要件確認表による
12232,千葉県,白井市,都市地域,該当なし,,,1,0,,地域要件確認表による
12233,千葉県,富里市,都市地域,該当なし,,,1,0,,地域要件確認表による
12234,千葉県,南房総市,全部条件不利地域,該当なし,,,1,0,,地域要件確認表による
12235,千葉県,匝瑳市,一部条件不利地域,該当なし,過疎|山村|離島|半島,,1,0,過疎:野栄町,地域要件確認表による
12236,千葉県,香取市,一部条件不利地域,該当なし,過疎|山村|離島|半島,,1,0,過疎:佐原市・山田町・栗源町,地域要件確認表による
12237,千葉県,山武市,一部条件不利地域,該当なし,過疎|山村|離島|半島,,1,0,過疎:松尾町,地域要件確認表による
12238,千葉県,いすみ市,全部条件不利地域,該当なし,,,1,0,過疎:夷隅町,地域要件確認表による
12322,千葉県,酒々井町,都市地域,該当なし,,,1,0,,地域要件確認表による
12329,千葉県,栄町,都市地域,該当なし,,,0,1,,地域要件確認表による
12342,千葉県,神崎町,都市地域,該当なし,,,1,0,,地域要件確認表による
12347,千葉県,多古町,都市地域,該当なし,,,0,1,,地域要件確認表による
12349,千葉県,東庄町,全部条件不利地域,該当なし,,,1,0,,地域要件確認表による
12239,千葉県,大網白里市,都市地域,該当なし,,,1,0,,地域要件確認表による
12403,千葉県,九十九里町,全部条件不利地域,該当なし,,,1,0,,地域要件確認表による
12409,千葉県,芝山町,都市地域,該当なし,,,0,1,,地域要件確認表による
12410,千葉県,横芝光町,都市地域,該当なし,,,1,0,,地域要件確認表による
12421,千葉県,一宮町,都市地域,該当なし,,,1,0,,地域要件確認表による
12422,千葉県,睦沢町,都市地域,該当なし,,,1,0,,地域要件確認表による
12423,千葉県,長生村,都市地域,該当なし,,,1,0,,地域要件確認表による
12424,千葉県,白子町,都市地域,該当なし,,,0,1,,地域要件確認表による
12426,千葉県,長柄町,都市地域,該当なし,,,0,1,,地域要件確認表による
12427,千葉県,長南町,全部条件不利地域,該当なし,,,1,0,,地域要件確認表による
12441,千葉県,大多喜町,全部条件不利地域,該当なし,,,1,0,,地域要件確認表による
12443,千葉県,御宿町,全部条件不利地域,該当なし,,,1,0,,地域要件確認表による
12463,千葉県,鋸南町,全部条件不利地域,該当なし,,,1,0,,地域要件確認表による
13101,東京都,千代田区,都市地域,該当なし,,,1,0,,地域要件確認表による
13102,東京都,中央区,都市地域,該当なし,,,1,0,,地域要件確認表による
13103,東京都,港区,都市地域,該当なし,,,1,0,,地域要件確認表による
13104,東京都,新宿区,都市地域,該当なし,,,1,0,,地域要件確認表による
13105,東京都,文京区,都市地域,該当なし,,,1,0,,地域要件確認表による
13106,東京都,台東区,都市地域,該当なし,,,1,0,,地域要件確認表による
13107,東京都,墨田区,都市地域,該当なし,,,1,0,,地域要件確認表による
13108,東京都,江東区,都市地域,該当なし,,,1,0,,地域要件確認表による
13109,東京都,品川区,都市地域,該当なし,,,1,0,,地域要件確認表による
13110,東京都,目黒区,都市地域,該当なし,,,1,0,,地域要件確認表による
13111,東京都,大田区,都市地域,該当なし,,,1,0,,地域要件確認表による
13112,東京都,世田谷区,都市地域,該当なし,,,1,0,,地域要件確認表による
13113,東京都,渋谷区,都市地域,該当なし,,,1,0,,地域要件確認表による
13114,東京都,中野区,都市地域,該当なし,,,1,0,,地域要件確認表による
13115,東京都,杉並区,都市地域,該当なし,,,1,0,,地域要件確認表による
13116,東京都,豊島区,都市地域,該当なし,,,1,0,,地域要件確認表による
13117,東京都,北区,都市地域,該当なし,,,1,0,,地域要件確認表による
13118,東京都,荒川区,都市地域,該当なし,,,1,0,,地域要件確認表による
13119,東京都,板橋区,都市地域,該当なし,,,1,0,,地域要件確認表による
13120,東京都,練馬区,都市地域,該当なし,,,1,0,,地域要件確認表による
13121,東京都,足立区,都市地域,該当なし,,,1,0,,地域要件確認表による
13122,東京都,葛飾区,都市地域,該当なし,,,1,0,,地域要件確認表による
13123,東京都,江戸川区,都市地域,該当なし,,,1,0,,地域要件確認表による
13201,東京都,八王子市,都市地域,該当なし,,,1,0,,地域要件確認表による
13202,東京都,立川市,都市地域,該当なし,,,1,0,,地域要件確認表による
13203,東京都,武蔵野市,都市地域,該当なし,,,1,0,,地域要件確認表による
13204,東京都,三鷹市,都市地域,該当なし,,,1,0,,地域要件確認表による
13205,東京都,青梅市,都市地域,該当なし,,,1,0,,地域要件確認表による
13206,東京都,府中市,都市地域,該当なし,,,1,0,,地域要件確認表による
13207,東京都,昭島市,都市地域,該当なし,,,1,0,,地域要件確認表による
13208,東京都,調布市,都市地域,該当なし,,,1,0,,地域要件確認表による
13209,東京都,町田市,都市地域,該当なし,,,1,0,,地域要件確認表による
13210,東京都,小金井市,都市地域,該当なし,,,1,0,,地域要件確認表による
13211,東京都,小平市,都市地域,該当なし,,,1,0,,地域要件確認表による
13212,東京都,日野市,都市地域,該当なし,,,1,0,,地域要件確認表による
13213,東京都,東村山市,都市地域,該当なし,,,1,0,,地域要件確認表による
13214,東京都,国分寺市,都市地域,該当なし,,,1,0,,地域要件確認表による
13215,東京都,国立市,都市地域,該当なし,,,1,0,,地域要件確認表による
13218,東京都,福生市,都市地域,該当なし,,,1,0,,地域要件確認表による
13219,東京都,狛江市,都市地域,該当なし,,,1,0,,地域要件確認表による
13220,東京都,東大和市,都市地域,該当なし,,,1,0,,地域要件確認表による
13221,東京都,清瀬市,都市地域,該当なし,,,1,0,,地域要件確認表による
13222,東京都,東久留米市,都市地域,該当なし,,,1,0,,地域要件確認表による
13223,東京都,武蔵村山市,都市地域,該当なし,,,1,0,,地域要件確認表による
13224,東京都,多摩市,都市地域,該当なし,,,1,0,,地域要件確認表による
13225,東京都,稲城市,都市地域,該当なし,,,1,0,,地域要件確認表による
13227,東京都,羽村市,都市地域,該当なし,,,1,0,,地域要件確認表による
13228,東京都,あきる野市,都市地域,該当なし,,,1,0,,地域要件確認表による
13229,東京都,西東京市,都市地域,該当なし,,,1,0,,地域要件確認表による
13303,東京都,瑞穂町,都市地域,該当なし,,,1,0,,地域要件確認表による
13305,東京都,日の出町,都市地域,該当なし,,,1,0,,地域要件確認表による
13307,東京都,檜原村,全部条件不利地域,該当なし,,,1,0,,地域要件確認表による
13308,東京都,奥多摩町,全部条件不利地域,該当なし,,,1,0,,地域要件確認表による
13361,東京都,大島町,全部条件不利地域,該当なし,,,1,0,,地域要件確認表による
13362,東京都,利島村,全部条件不利地域,該当なし,,,1,0,,地域要件確認表による
13363,東京都,新島村,全部条件不利地域,該当なし,,,1,0,,地域要件確認表による
13364,東京都,神津島村,全部条件不利地域,該当なし,,,1,0,,地域要件確認表による
13381,東京都,三宅村,全部条件不利地域,該当なし,,,1,0,,地域要件確認表による
13382,東京都,御蔵島村,全部条件不利地域,該当なし,,,1,0,,地域要件確認表による
13401,東京都,八丈町,全部条件不利地域,該当なし,,,1,0,,地域要件確認表による
13402,東京都,青ヶ島村,全部条件不利地域,該当なし,,,1,0,,地域要件確認表による
13421,東京都,小笠原村,全部条件不利地域,該当なし,,,1,0,,地域要件確認表による
14100,神奈川県,横浜市,都市地域,条件不利地域を含まない,,,1,0,,地域要件確認表による
14130,神奈川県,川崎市,都市地域,条件不利地域を含まない,,,1,0,,地域要件確認表による
14201,神奈川県,横須賀市,都市地域,該当なし,,,1,0,,地域要件確認表による
14203,神奈川県,平塚市,都市地域,該当なし,,,1,0,,地域要件確認表による
14204,神奈川県,鎌倉市,都市地域,該当なし,,,1,0,,地域要件確認表による
14205,神奈川県,藤沢市,都市地域,該当なし,,,1,0,,地域要件確認表による
14206,神奈川県,小田原市,都市地域,該当なし,,,1,0,,地域要件確認表による
14207,神奈川県,茅ヶ崎市,都市地域,該当なし,,,1,0,,地域要件確認表による
14208,神奈川県,逗子市,都市地域,該当なし,,,1,0,,地域要件確認表による
14150,神奈川県,相模原市,一部条件不利地域,条件不利地域を含む,過疎|山村|離島|半島,,1,0,,地域要件確認表による
14210,神奈川県,三浦市,都市地域,該当なし,,,1,0,,地域要件確認表による
14211,神奈川県,秦野市,都市地域,該当なし,,,1,0,,地域要件確認表による
14212,神奈川県,厚木市,都市地域,該当なし,,,1,0,,地域要件確認表による
14213,神奈川県,大和市,都市地域,該当なし,,,1,0,,地域要件確認表による
14214,神奈川県,伊勢原市,都市地域,該当なし,,,1,0,,地域要件確認表による
14215,神奈川県,海老名市,都市地域,該当なし,,,1,0,,地域要件確認表による
14216,神奈川県,座間市,都市地域,該当なし,,,1,0,,地域要件確認表による
14217,神奈川県,南足柄市,都市地域,該当なし,,,1,0,,地域要件確認表による
14218,神奈川県,綾瀬市,都市地域,該当なし,,,1,0,,地域要件確認表による
14301,神奈川県,葉山町,都市地域,該当なし,,,1,0,,地域要件確認表による
14321,神奈川県,寒川町,都市地域,該当なし,,,1,0,,地域要件確認表による
14341,神奈川県,大磯町,都市地域,該当なし,,,1,0,,地域要件確認表による
14342,神奈川県,二宮町,都市地域,該当なし,,,1,0,,地域要件確認表による
14361,神奈川県,中井町,都市地域,該当なし,,,1,0,,地域要件確認表による
14362,神奈川県,大井町,都市地域,該当なし,,,1,0,,地域要件確認表による
14363,神奈川県,松田町,都市地域,該当なし,,,1,0,,地域要件確認表による
14364,神奈川県,山北町,一部条件不利地域,該当なし,過疎|山村|離島|半島,,1,0,,地域要件確認表による
14366,神奈川県,開成町,都市地域,該当なし,,,1,0,,地域要件確認表による
14382,神奈川県,箱根町,都市地域,該当なし,,,0,1,,地域要件確認表による
14383,神奈川県,真鶴町,全部条件不利地域,該当なし,,,1,0,,地域要件確認表による
14384,神奈川県,湯河原町,都市地域,該当なし,,,1,0,,地域要件確認表による
14401,神奈川県,愛川町,都市地域,該当なし,,,1,0,,地域要件確認表による
14402,神奈川県,清川村,全部条件不利地域,該当なし,,,1,0,,地域要件確認表による
15100,新潟県,新潟市,一部条件不利地域,条件不利地域を含む,過疎|山村|離島|半島,,0,0,,地域要件確認表による
15202,新潟県,長岡市,一部条件不利地域,該当なし,過疎|山村|離島|半島,,0,0,過疎:栃尾市・和島村・寺泊町・山古志村・川口町・小国町,地域要件確認表による
15204,新潟県,三条市,一部条件不利地域,該当なし,過疎|山村|離島|半島,,0,0,過疎:下田村,地域要件確認表による
15205,新潟県,柏崎市,一部条件不利地域,該当なし,過疎|山村|離島|半島,,0,0,,地域要件確認表による|過疎法の経過措置を受ける卒業団体
15206,新潟県,新発田市,一部条件不利地域,該当なし,過疎|山村|離島|半島,,0,0,過疎:加治川村,地域要件確認表による
15208,新潟県,小千谷市,都市地域,該当なし,,,0,0,,地域要件確認表による
15209,新潟県,加茂市,全部条件不利地域,該当なし,,,0,0,,地域要件確認表による
15210,新潟県,十日町市,全部条件不利地域,該当なし,,,0,0,,地域要件確認表による
15211,新潟県,見附市,都市地域,該当なし,,,0,0,,地域要件確認表による
15212,新潟県,村上市,全部条件不利地域,該当なし,,,0,0,,地域要件確認表による
15213,新潟県,燕市,都市地域,該当なし,,,0,0,,地域要件確認表による
15216,新潟県,糸魚川市,全部条件不利地域,該当なし,,,0,0,,地域要件確認表による
15217,新潟県,妙高市,全部条件不利地域,該当なし,,,0,0,,地域要件確認表による
15218,新潟県,五泉市,一部条件不利地域,該当なし,過疎|山村|離島|半島,,0,0,過疎:村松町,地域要件確認表による
15222,新潟県,上越市,一部条件不利地域,該当なし,過疎|山村|離島|半島,,0,0,過疎:安塚町・浦川原村・大島村・牧村・柿崎町・吉川町・中郷,地域要件確認表による
15223,新潟県,阿賀野市,一部条件不利地域,該当なし,過疎|山村|離島|半島,,0,0,過疎:笹神村,地域要件確認表による
15224,新潟県,佐渡市,全部条件不利地域,該当なし,,,0,0,,地域要件確認表による
15225,新潟県,魚沼市,全部条件不利地域,該当なし,,,0,0,,地域要件確認表による
15226,新潟県,南魚沼市,一部条件不利地域,該当なし,過疎|山村|離島|半島,,0,0,,地域要件確認表による
15227,新潟県,胎内市,一部条件不利地域,該当なし,過疎|山村|離島|半島,,0,0,過疎:黒川村,地域要件確認表による
15307,新潟県,聖籠町,都市地域,該当なし,,,0,0,,地域要件確認表による
15342,新潟県,弥彦村,都市地域,該当なし,,,0,0,,地域要件確認表による
15361,新潟県,田上町,都市地域,該当なし,,,0,0,,地域要件確認表による
15385,新潟県,阿賀町,全部条件不利地域,該当なし,,,0,0,,地域要件確認表による
15405,新潟県,出雲崎町,全部条件不利地域,該当なし,,,0,0,,地域要件確認表による
15461,新潟県,湯沢町,一部条件不利地域,該当なし,過疎|山村|離島|半島,,0,0,,地域要件確認表による
15482,新潟県,津南町,全部条件不利地域,該当なし,,,0,0,,地域要件確認表による
15504,新潟県,刈羽村,都市地域,該当なし,,,0,0,,地域要件確認表による
15581,新潟県,関川村,全部条件不利地域,該当なし,,,0,0,,地域要件確認表による
15586,新潟県,粟島浦村,全部条件不利地域,該当なし,,,0,0,,地域要件確認表による
16201,富山県,富山市,一部条件不利地域,該当なし,過疎|山村|離島|半島,,0,0,,地域要件確認表による|過疎法の経過措置を受ける卒業団体
16202,富山県,高岡市,一部条件不利地域,該当なし,過疎|山村|離島|半島,,0,0,,地域要件確認表による
16204,富山県,魚津市,一部条件不利地域,該当なし,過疎|山村|離島|半島,,0,0,,地域要件確認表による
16205,富山県,氷見市,全部条件不利地域,該当なし,,,0,0,,地域要件確認表による
16206,富山県,滑川市,都市地域,該当なし,,,0,0,,地域要件確認表による
16207,富山県,黒部市,一部条件不利地域,該当なし,過疎|山村|離島|半島,,0,0,,地域要件確認表による
16208,富山県,砺波市,一部条件不利地域,該当なし,過疎|山村|離島|半島,,0,0,過疎:庄川町,地域要件確認表による
16209,富山県,小矢部市,都市地域,該当なし,,,0,0,,地域要件確認表による
16210,富山県,南砺市,全部条件不利地域,該当なし,,,0,0,,地域要件確認表による
16211,富山県,射水市,都市地域,該当なし,,,0,0,,地域要件確認表による
16321,富山県,舟橋村,都市地域,該当なし,,,0,0,,地域要件確認表による
16322,富山県,上市町,一部条件不利地域,該当なし,過疎|山村|離島|半島,,0,0,,地域要件確認表による
16323,富山県,立山町,一部条件不利地域,該当なし,過疎|山村|離島|半島,,0,0,,地域要件確認表による
16342,富山県,入善町,都市地域,該当なし,,,0,0,,地域要件確認表による
16343,富山県,朝日町,全部条件不利地域,該当なし,,,0,0,,地域要件確認表による
17201,石川県,金沢市,一部条件不利地域,該当なし,過疎|山村|離島|半島,,0,0,,地域要件確認表による
17202,石川県,七尾市,全部条件不利地域,該当なし,,,0,0,,地域要件確認表による
17203,石川県,小松市,一部条件不利地域,該当なし,過疎|山村|離島|半島,,0,0,,地域要件確認表による
17204,石川県,輪島市,全部条件不利地域,該当なし,,,0,0,,地域要件確認表による
17205,石川県,珠洲市,全部条件不利地域,該当なし,,,0,0,,地域要件確認表による
17206,石川県,加賀市,一部条件不利地域,該当なし,過疎|山村|離島|半島,,0,0,過疎:山中町,地域要件確認表による
17207,石川県,羽咋市,全部条件不利地域,該当なし,,,0,0,,地域要件確認表による
17209,石川県,かほく市,全部条件不利地域,該当なし,,,0,0,,地域要件確認表による
17210,石川県,白山市,一部条件不利地域,該当なし,過疎|山村|離島|半島,,0,0,,地域要件確認表による|過疎法の経過措置を受ける卒業団体
17211,石川県,能美市,一部条件不利地域,該当なし,過疎|山村|離島|半島,,0,0,,地域要件確認表による
17324,石川県,川北町,都市地域,該当なし,,,0,0,,地域要件確認表による
17212,石川県,野々市市,都市地域,該当なし,,,0,0,,地域要件確認表による
17361,石川県,津幡町,全部条件不利地域,該当なし,,,0,0,,地域要件確認表による
17365,石川県,内灘町,全部条件不利地域,該当なし,,,0,0,,地域要件確認表による
17384,石川県,志賀町,全部条件不利地域,該当なし,,,0,0,過疎:志賀町・富来町,地域要件確認表による
17386,石川県,宝達志水町,全部条件不利地域,該当なし,,,0,0,,地域要件確認表による
17407,石川県,中能登町,全部条件不利地域,該当なし,,,0,0,,地域要件確認表による
17461,石川県,穴水町,全部条件不利地域,該当なし,,,0,0,,地域要件確認表による
17463,石川県,能登町,全部条件不利地域,該当なし,,,0,0,,地域要件確認表による
18201,福井県,福井市,一部条件不利地域,該当なし,過疎|山村|離島|半島,,0,0,,地域要件確認表による|過疎法の経過措置を受ける卒業団体
18202,福井県,敦賀市,都市地域,該当なし,,,0,0,,地域要件確認表による
18204,福井県,小浜市,一部条件不利地域,該当なし,過疎|山村|離島|半島,,0,0,,地域要件確認表による
18205,福井県,大野市,全部条件不利地域,該当なし,,,0,0,,地域要件確認表による
18206,福井県,勝山市,全部条件不利地域,該当なし,,,0,0,,地域要件確認表による
18207,福井県,鯖江市,都市地域,該当なし,,,0,0,,地域要件確認表による
18208,福井県,あわら市,一部条件不利地域,該当なし,過疎|山村|離島|半島,,0,0,過疎:芦原町,地域要件確認表による
18209,福井県,越前市,都市地域,該当なし,,,0,0,,地域要件確認表による
18210,福井県,坂井市,一部条件不利地域,該当なし,過疎|山村|離島|半島,,0,0,,地域要件確認表による
18322,福井県,永平寺町,一部条件不利地域,該当なし,過疎|山村|離島|半島,,0,0,過疎:上志比村,地域要件確認表による
18382,福井県,池田町,全部条件不利地域,該当なし,,,0,0,,地域要件確認表による
18404,福井県,南越前町,全部条件不利地域,該当なし,,,0,0,,地域要件確認表による
18423,福井県,越前町,一部条件不利地域,該当なし,過疎|山村|離島|半島,,0,0,過疎:越前町,地域要件確認表による
18442,福井県,美浜町,一部条件不利地域,該当なし,過疎|山村|離島|半島,,0,0,,地域要件確認表による
18481,福井県,高浜町,一部条件不利地域,該当なし,過疎|山村|離島|半島,,0,0,,地域要件確認表による
18483,福井県,おおい町,一部条件不利地域,該当なし,過疎|山村|離島|半島,,0,0,,地域要件確認表による|過疎法の経過措置を受ける卒業団体
18501,福井県,若狭町,一部条件不利地域,該当なし,過疎|山村|離島|半島,,0,0,過疎:三方町,地域要件確認表による
19201,山梨県,甲府市,一部条件不利地域,該当なし,過疎|山村|離島|半島,,0,0,,地域要件確認表による|過疎法の経過措置を受ける卒業団体
19202,山梨県,富士吉田市,都市地域,該当なし,,,0,0,,地域要件確認表による
19204,山梨県,都留市,一部条件不利地域,該当なし,過疎|山村|離島|半島,,0,0,,地域要件確認表による
19205,山梨県,山梨市,一部条件不利地域,該当なし,過疎|山村|離島|半島,,0,0,過疎:牧丘町・三富村,地域要件確認表による
19206,山梨県,大月市,一部条件不利地域,該当なし,過疎|山村|離島|半島,,0,0,,地域要件確認表による
19207,山梨県,韮崎市,一部条件不利地域,該当なし,過疎|山村|離島|半島,,0,0,,地域要件確認表による
19208,山梨県,南アルプス市,一部条件不利地域,該当なし,過疎|山村|離島|半島,,0,0,過疎:芦安村,地域要件確認表による
19209,山梨県,北杜市,一部条件不利地域,該当なし,過疎|山村|離島|半島,,0,0,過疎:須玉町・白州町・武川村,地域要件確認表による
19210,山梨県,甲斐市,都市地域,該当なし,,,0,0,,地域要件確認表による
19211,山梨県,笛吹市,一部条件不利地域,該当なし,過疎|山村|離島|半島,,0,0,過疎:芦川村,地域要件確認表による
19212,山梨県,上野原市,全部条件不利地域,該当なし,,,0,0,,地域要件確認表による
19213,山梨県,甲州市,全部条件不利地域,該当なし,,,0,0,,地域要件確認表による
19214,山梨県,中央市,都市地域,該当なし,,,0,0,,地域要件確認表による
19346,山梨県,市川三郷町,全部条件不利地域,該当なし,,,0,0,,地域要件確認表による
19364,山梨県,早川町,全部条件不利地域,該当なし,,,0,0,,地域要件確認表による
19365,山梨県,身延町,全部条件不利地域,該当なし,,,0,0,,地域要件確認表による
19366,山梨県,南部町,全部条件不利地域,該当なし,,,0,0,,地域要件確認表による
19368,山梨県,富士川町,一部条件不利地域,該当なし,過疎|山村|離島|半島,,0,0,過疎:鰍沢町,地域要件確認表による
19384,山梨県,昭和町,都市地域,該当なし,,,0,0,,地域要件確認表による
19422,山梨県,道志村,全部条件不利地域,該当なし,,,0,0,,地域要件確認表による
19423,山梨県,西桂町,都市地域,該当なし,,,0,0,,地域要件確認表による
19424,山梨県,忍野村,都市地域,該当なし,,,0,0,,地域要件確認表による
19425,山梨県,山中湖村,都市地域,該当なし,,,0,0,,地域要件確認表による
19429,山梨県,鳴沢村,全部条件不利地域,該当なし,,,0,0,,地域要件確認表による
19430,山梨県,富士河口湖町,一部条件不利地域,該当なし,過疎|山村|離島|半島,,0,0,,地域要件確認表による|過疎法の経過措置を受ける卒業団体
19442,山梨県,小菅村,全部条件不利地域,該当なし,,,0,0,,地域要件確認表による
19443,山梨県,丹波山村,全部条件不利地域,該当なし,,,0,0,,地域要件確認表による
20201,長野県,長野市,一部条件不利地域,該当なし,過疎|山村|離島|半島,,0,0,,地域要件確認表による|過疎法の経過措置を受ける卒業団体
20202,長野県,松本市,一部条件不利地域,該当なし,過疎|山村|離島|半島,,0,0,,地域要件確認表による|過疎法の経過措置を受ける卒業団体
20203,長野県,上田市,一部条件不利地域,該当なし,過疎|山村|離島|半島,,0,0,過疎:武石村,地域要件確認表による
20204,長野県,岡谷市,都市地域,該当なし,,,0,0,,地域要件確認表による
20205,長野県,飯田市,一部条件不利地域,該当なし,過疎|山村|離島|半島,,0,0,過疎:上村・南信濃村,地域要件確認表による
20206,長野県,諏訪市,都市地域,該当なし,,,0,0,,地域要件確認表による
20207,長野県,須坂市,一部条件不利地域,該当なし,過疎|山村|離島|半島,,0,0,,地域要件確認表による
20208,長野県,小諸市,都市地域,該当なし,,,0,0,,地域要件確認表による
20209,長野県,伊那市,一部条件不利地域,該当なし,過疎|山村|離島|半島,,0,0,過疎:高遠町・長谷村,地域要件確認表による
20210,長野県,駒ヶ根市,一部条件不利地域,該当なし,過疎|山村|離島|半島,,0,0,,地域要件確認表による
20211,長野県,中野市,一部条件不利地域,該当なし,過疎|山村|離島|半島,,0,0,過疎:豊田村,地域要件確認表による
20212,長野県,大町市,全部条件不利地域,該当なし,,,0,0,,地域要件確認表による
20213,長野県,飯山市,全部条件不利地域,該当なし,,,0,0,,地域要件確認表による
20214,長野県,茅野市,都市地域,該当なし,,,0,0,,地域要件確認表による
20215,長野県,塩尻市,一部条件不利地域,該当なし,過疎|山村|離島|半島,,0,0,過疎:楢川村,地域要件確認表による
20217,長野県,佐久市,一部条件不利地域,該当なし,過疎|山村|離島|半島,,0,0,過疎:望月町,地域要件確認表による
20218,長野県,千曲市,都市地域,該当なし,,,0,0,,地域要件確認表による
20219,長野県,東御市,都市地域,該当なし,,,0,0,,地域要件確認表による
20220,長野県,安曇野市,一部条件不利地域,該当なし,過疎|山村|離島|半島,,0,0,過疎:明科町,地域要件確認表による
20303,長野県,小海町,全部条件不利地域,該当なし,,,0,0,,地域要件確認表による
20304,長野県,川上村,全部条件不利地域,該当なし,,,0,0,,地域要件確認表による
20305,長野県,南牧村,全部条件不利地域,該当なし,,,0,0,,地域要件確認表による
20306,長野県,南相木村,全部条件不利地域,該当なし,,,0,0,,地域要件確認表による|過疎法の経過措置を受ける卒業団体
20307,長野県,北相木村,全部条件不利地域,該当なし,,,0,0,,地域要件確認表による
20309,長野県,佐久穂町,全部条件不利地域,該当なし,,,0,0,,地域要件確認表による
20321,長野県,軽井沢町,一部条件不利地域,該当なし,過疎|山村|離島|半島,,0,0,,地域要件確認表による
20323,長野県,御代田町,都市地域,該当なし,,,0,0,,地域要件確認表による
20324,長野県,立科町,全部条件不利地域,該当なし,,,0,0,,地域要件確認表による
20349,長野県,青木村,一部条件不利地域,該当なし,過疎|山村|離島|半島,,0,0,,地域要件確認表による
20350,長野県,長和町,全部条件不利地域,該当なし,,,0,0,,地域要件確認表による
20361,長野県,下諏訪町,都市地域,該当なし,,,0,0,,地域要件確認表による
20362,長野県,富士見町,都市地域,該当なし,,,0,0,,地域要件確認表による
20363,長野県,原村,都市地域,該当なし,,,0,0,,地域要件確認表による
20382,長野県,辰野町,一部条件不利地域,該当なし,過疎|山村|離島|半島,,0,0,,地域要件確認表による
20383,長野県,箕輪町,一部条件不利地域,該当なし,過疎|山村|離島|半島,,0,0,,地域要件確認表による
20384,長野県,飯島町,都市地域,該当なし,,,0,0,,地域要件確認表による
20385,長野県,南箕輪村,都市地域,該当なし,,,0,0,,地域要件確認表による
20386,長野県,中川村,全部条件不利地域,該当なし,,,0,0,,地域要件確認表による
20388,長野県,宮田村,都市地域,該当なし,,,0,0,,地域要件確認表による
20402,長野県,松川町,都市地域,該当なし,,,0,0,,地域要件確認表による
20403,長野県,高森町,都市地域,該当なし,,,0,0,,地域要件確認表による
20404,長野県,阿南町,全部条件不利地域,該当なし,,,0,0,,地域要件確認表による
20407,長野県,阿智村,一部条件不利地域,該当なし,過疎|山村|離島|半島,,0,0,過疎:清内路村・浪合村,地域要件確認表による
20409,長野県,平谷村,全部条件不利地域,該当なし,,,0,0,,地域要件確認表による
20410,長野県,根羽村,全部条件不利地域,該当なし,,,0,0,,地域要件確認表による
20411,長野県,下條村,都市地域,該当なし,,,0,0,,地域要件確認表による
20412,長野県,売木村,全部条件不利地域,該当なし,,,0,0,,地域要件確認表による
20413,長野県,天龍村,全部条件不利地域,該当なし,,,0,0,,地域要件確認表による
20414,長野県,泰阜村,全部条件不利地域,該当なし,,,0,0,,地域要件確認表による
20415,長野県,喬木村,都市地域,該当なし,,,0,0,,地域要件確認表による
20416,長野県,豊丘村,一部条件不利地域,該当なし,過疎|山村|離島|半島,,0,0,,地域要件確認表による
20417,長野県,大鹿村,全部条件不利地域,該当なし,,,0,0,,地域要件確認表による
20422,長野県,上松町,全部条件不利地域,該当なし,,,0,0,,地域要件確認表による
20423,長野県,南木曽町,全部条件不利地域,該当なし,,,0,0,,地域要件確認表による
20425,長野県,木祖村,全部条件不利地域,該当なし,,,0,0,,地域要件確認表による
20429,長野県,王滝村,全部条件不利地域,該当なし,,,0,0,,地域要件確認表による
20430,長野県,大桑村,全部条件不利地域,該当なし,,,0,0,,地域要件確認表による
20432,長野県,木曽町,全部条件不利地域,該当なし,,,0,0,,地域要件確認表による
20446,長野県,麻績村,全部条件不利地域,該当なし,,,0,0,,地域要件確認表による
20448,長野県,生坂村,全部条件不利地域,該当なし,,,0,0,,地域要件確認表による
20450,長野県,山形村,都市地域,該当なし,,,0,0,,地域要件確認表による
20451,長野県,朝日村,全部条件不利地域,該当なし,,,0,0,,地域要件確認表による
20452,長野県,筑北村,全部条件不利地域,該当なし,,,0,0,,地域要件確認表による
20481,長野県,池田町,都市地域,該当なし,,,0,0,,地域要件確認表による
20482,長野県,松川村,都市地域,該当なし,,,0,0,,地域要件確認表による
20485,長野県,白馬村,都市地域,該当なし,,,0,0,,地域要件確認表による
20486,長野県,小谷村,全部条件不利地域,該当なし,,,0,0,,地域要件確認表による
20521,長野県,坂城町,都市地域,該当なし,,,0,0,,地域要件確認表による
20541,長野県,小布施町,都市地域,該当なし,,,0,0,,地域要件確認表による
20543,長野県,高山村,全部条件不利地域,該当なし,,,0,0,,地域要件確認表による
20561,長野県,山ノ内町,全部条件不利地域,該当なし,,,0,0,,地域要件確認表による
20562,長野県,木島平村,全部条件不利地域,該当なし,,,0,0,,地域要件確認表による
20563,長野県,野沢温泉村,全部条件不利地域,該当なし,,,0,0,,地域要件確認表による
20583,長野県,信濃町,全部条件不利地域,該当なし,,,0,0,,地域要件確認表による
20588,長野県,小川村,全部条件不利地域,該当なし,,,0,0,,地域要件確認表による
20590,長野県,飯綱町,全部条件不利地域,該当なし,,,0,0,,地域要件確認表による
20602,長野県,栄村,全部条件不利地域,該当なし,,,0,0,,地域要件確認表による
21201,岐阜県,岐阜市,都市地域,該当なし,,,1,0,,地域要件確認表による
21202,岐阜県,大垣市,一部条件不利地域,該当なし,過疎|山村|離島|半島,,1,0,,地域要件確認表による
21203,岐阜県,高山市,一部条件不利地域,該当なし,過疎|山村|離島|半島,,1,0,過疎:清見村・荘川村・久々野町・朝日村・高根村・上宝村,地域要件確認表による
21204,岐阜県,多治見市,都市地域,該当なし,,,1,0,,地域要件確認表による
21205,岐阜県,関市,一部条件不利地域,該当なし,過疎|山村|離島|半島,,1,0,過疎:洞戸村・板取村・武儀町・上之保村,地域要件確認表による
21206,岐阜県,中津川市,一部条件不利地域,該当なし,過疎|山村|離島|半島,,1,0,過疎:長野県山口村・坂下町・川上村・加子母村,地域要件確認表による
21207,岐阜県,美濃市,都市地域,該当なし,,,0,1,,地域要件確認表による
21208,岐阜県,瑞浪市,都市地域,該当なし,,,1,0,,地域要件確認表による
21209,岐阜県,羽島市,都市地域,該当なし,,,1,0,,地域要件確認表による
21210,岐阜県,恵那市,一部条件不利地域,該当なし,過疎|山村|離島|半島,,1,0,過疎:山岡町・明智町・串原村・上矢作町,地域要件確認表による
21211,岐阜県,美濃加茂市,都市地域,該当なし,,,1,0,,地域要件確認表による
21212,岐阜県,土岐市,都市地域,該当なし,,,1,0,,地域要件確認表による
21213,岐阜県,各務原市,都市地域,該当なし,,,1,0,,地域要件確認表による
21214,岐阜県,可児市,都市地域,該当なし,,,1,0,,地域要件確認表による
21215,岐阜県,山県市,一部条件不利地域,該当なし,過疎|山村|離島|半島,,1,0,過疎:美山町,地域要件確認表による
21216,岐阜県,瑞穂市,都市地域,該当なし,,,1,0,,地域要件確認表による
21217,岐阜県,飛騨市,全部条件不利地域,該当なし,,,1,0,,地域要件確認表による
21218,岐阜県,本巣市,一部条件不利地域,該当なし,過疎|山村|離島|半島,,1,0,過疎:根尾村,地域要件確認表による
21219,岐阜県,郡上市,全部条件不利地域,該当なし,,,1,0,,地域要件確認表による
21220,岐阜県,下呂市,全部条件不利地域,該当なし,,,1,0,,地域要件確認表による
21221,岐阜県,海津市,一部条件不利地域,該当なし,過疎|山村|離島|半島,,1,0,過疎:平田町,地域要件確認表による
21302,岐阜県,岐南町,都市地域,該当なし,,,1,0,,地域要件確認表による
21303,岐阜県,笠松町,都市地域,該当なし,,,1,0,,地域要件確認表による
21341,岐阜県,養老町,都市地域,該当なし,,,1,0,,地域要件確認表による
21361,岐阜県,垂井町,都市地域,該当なし,,,1,0,,地域要件確認表による
21362,岐阜県,関ケ原町,全部条件不利地域,該当なし,,,1,0,,地域要件確認表による
21381,岐阜県,神戸町,都市地域,該当なし,,,1,0,,地域要件確認表による
21382,岐阜県,輪之内町,都市地域,該当なし,,,1,0,,地域要件確認表による
21383,岐阜県,安八町,都市地域,該当なし,,,1,0,,地域要件確認表による
21401,岐阜県,揖斐川町,全部条件不利地域,該当なし,,,1,0,,地域要件確認表による
21403,岐阜県,大野町,都市地域,該当なし,,,1,0,,地域要件確認表による
21404,岐阜県,池田町,都市地域,該当なし,,,1,0,,地域要件確認表による
21421,岐阜県,北方町,都市地域,該当なし,,,1,0,,地域要件確認表による
21501,岐阜県,坂祝町,都市地域,該当なし,,,1,0,,地域要件確認表による
21502,岐阜県,富加町,都市地域,該当なし,,,1,0,,地域要件確認表による
21503,岐阜県,川辺町,都市地域,該当なし,,,1,0,,地域要件確認表による
21504,岐阜県,七宗町,全部条件不利地域,該当なし,,,1,0,,地域要件確認表による
21505,岐阜県,八百津町,全部条件不利地域,該当なし,,,1,0,,地域要件確認表による
21506,岐阜県,白川町,全部条件不利地域,該当なし,,,1,0,,地域要件確認表による
21507,岐阜県,東白川村,全部条件不利地域,該当なし,,,1,0,,地域要件確認表による
21521,岐阜県,御嵩町,都市地域,該当なし,,,1,0,,地域要件確認表による
21604,岐阜県,白川村,全部条件不利地域,該当なし,,,1,0,,地域要件確認表による
22100,静岡県,静岡市,一部条件不利地域,条件不利地域を含む,過疎|山村|離島|半島,,0,0,,地域要件確認表による
22130,静岡県,浜松市,一部条件不利地域,条件不利地域を含む,過疎|山村|離島|半島,,0,0,,地域要件確認表による|過疎法の経過措置を受ける卒業団体
22203,静岡県,沼津市,一部条件不利地域,該当なし,過疎|山村|離島|半島,,0,0,,地域要件確認表による|過疎法の経過措置を受ける卒業団体
22205,静岡県,熱海市,一部条件不利地域,該当なし,過疎|山村|離島|半島,,0,0,,地域要件確認表による
22206,静岡県,三島市,都市地域,該当なし,,,0,0,,地域要件確認表による
22207,静岡県,富士宮市,一部条件不利地域,該当なし,過疎|山村|離島|半島,,0,0,,地域要件確認表による
22208,静岡県,伊東市,都市地域,該当なし,,,0,0,,地域要件確認表による
22209,静岡県,島田市,一部条件不利地域,該当なし,過疎|山村|離島|半島,,0,0,,地域要件確認表による|過疎法の経過措置を受ける卒業団体
22210,静岡県,富士市,都市地域,該当なし,,,0,0,,地域要件確認表による
22211,静岡県,磐田市,都市地域,該当なし,,,0,0,,地域要件確認表による
22212,静岡県,焼津市,都市地域,該当なし,,,0,0,,地域要件確認表による
22213,静岡県,掛川市,都市地域,該当なし,,,0,0,,地域要件確認表による
22214,静岡県,藤枝市,都市地域,該当なし,,,0,0,,地域要件確認表による
22215,静岡県,御殿場市,都市地域,該当なし,,,0,0,,地域要件確認表による
22216,静岡県,袋井市,都市地域,該当なし,,,0,0,,地域要件確認表による
22219,静岡県,下田市,全部条件不利地域,該当なし,,,0,0,,地域要件確認表による
22220,静岡県,裾野市,都市地域,該当なし,,,0,0,,地域要件確認表による
22221,静岡県,湖西市,都市地域,該当なし,,,0,0,,地域要件確認表による
22222,静岡県,伊豆市,全部条件不利地域,該当なし,,,0,0,,地域要件確認表による
22223,静岡県,御前崎市,都市地域,該当なし,,,0,0,,地域要件確認表による
22224,静岡県,菊川市,都市地域,該当なし,,,0,0,,地域要件確認表による
22225,静岡県,伊豆の国市,都市地域,該当なし,,,0,0,,地域要件確認表による
22226,静岡県,牧之原市,都市地域,該当なし,,,0,0,,地域要件確認表による
22301,静岡県,東伊豆町,全部条件不利地域,該当なし,,,0,0,,地域要件確認表による
22302,静岡県,河津町,全部条件不利地域,該当なし,,,0,0,,地域要件確認表による
22304,静岡県,南伊豆町,全部条件不利地域,該当なし,,,0,0,,地域要件確認表による
22305,静岡県,松崎町,全部条件不利地域,該当なし,,,0,0,,地域要件確認表による
22306,静岡県,西伊豆町,全部条件不利地域,該当なし,,,0,0,,地域要件確認表による
22325,静岡県,函南町,都市地域,該当なし,,,0,0,,地域要件確認表による
22341,静岡県,清水町,都市地域,該当なし,,,0,0,,地域要件確認表による
22342,静岡県,長泉町,都市地域,該当なし,,,0,0,,地域要件確認表による
22344,静岡県,小山町,都市地域,該当なし,,,0,0,,地域要件確認表による
22424,静岡県,吉田町,都市地域,該当なし,,,0,0,,地域要件確認表による
22429,静岡県,川根本町,全部条件不利地域,該当なし,,,0,0,,地域要件確認表による
22461,静岡県,森町,一部条件不利地域,該当なし,過疎|山村|離島|半島,,0,0,,地域要件確認表による
23100,愛知県,名古屋市,都市地域,条件不利地域を含まない,,,1,0,,地域要件確認表による
23201,愛知県,豊橋市,都市地域,該当なし,,,1,0,,地域要件確認表による
23202,愛知県,岡崎市,一部条件不利地域,該当なし,過疎|山村|離島|半島,,1,0,,地域要件確認表による
23203,愛知県,一宮市,都市地域,該当なし,,,1,0,,地域要件確認表による
23204,愛知県,瀬戸市,都市地域,該当なし,,,1,0,,地域要件確認表による
23205,愛知県,半田市,都市地域,該当なし,,,1,0,,地域要件確認表による
23206,愛知県,春日井市,都市地域,該当なし,,,1,0,,地域要件確認表による
23207,愛知県,豊川市,都市地域,該当なし,,,1,0,,地域要件確認表による
23208,愛知県,津島市,都市地域,該当なし,,,1,0,,地域要件確認表による
23209,愛知県,碧南市,都市地域,該当なし,,,1,0,,地域要件確認表による
23210,愛知県,刈谷市,都市地域,該当なし,,,1,0,,地域要件確認表による
23211,愛知県,豊田市,一部条件不利地域,該当なし,過疎|山村|離島|半島,,1,0,,地域要件確認表による|過疎法の経過措置を受ける卒業団体
23212,愛知県,安城市,都市地域,該当なし,,,1,0,,地域要件確認表による
23213,愛知県,西尾市,一部条件不利地域,該当なし,過疎|山村|離島|半島,,1,0,,地域要件確認表による
23214,愛知県,蒲郡市,都市地域,該当なし,,,1,0,,地域要件確認表による
23215,愛知県,犬山市,都市地域,該当なし,,,1,0,,地域要件確認表による
23216,愛知県,常滑市,都市地域,該当なし,,,1,0,,地域要件確認表による
23217,愛知県,江南市,都市地域,該当なし,,,1,0,,地域要件確認表による
23219,愛知県,小牧市,都市地域,該当なし,,,1,0,,地域要件確認表による
23220,愛知県,稲沢市,都市地域,該当なし,,,1,0,,地域要件確認表による
23221,愛知県,新城市,一部条件不利地域,該当なし,過疎|山村|離島|半島,,1,0,過疎:鳳来町・作手村,地域要件確認表による
23222,愛知県,東海市,都市地域,該当なし,,,1,0,,地域要件確認表による
23223,愛知県,大府市,都市地域,該当なし,,,1,0,,地域要件確認表による
23224,愛知県,知多市,都市地域,該当なし,,,1,0,,地域要件確認表による
23225,愛知県,知立市,都市地域,該当なし,,,1,0,,地域要件確認表による
23226,愛知県,尾張旭市,都市地域,該当なし,,,1,0,,地域要件確認表による
23227,愛知県,高浜市,都市地域,該当なし,,,1,0,,地域要件確認表による
23228,愛知県,岩倉市,都市地域,該当なし,,,1,0,,地域要件確認表による
23229,愛知県,豊明市,都市地域,該当なし,,,1,0,,地域要件確認表による
23230,愛知県,日進市,都市地域,該当なし,,,1,0,,地域要件確認表による
23231,愛知県,田原市,都市地域,該当なし,,,1,0,,地域要件確認表による
23232,愛知県,愛西市,都市地域,該当なし,,,1,0,,地域要件確認表による
23233,愛知県,清須市,都市地域,該当なし,,,1,0,,地域要件確認表による
23234,愛知県,北名古屋市,都市地域,該当なし,,,1,0,,地域要件確認表による
23235,愛知県,弥富市,都市地域,該当なし,,,1,0,,地域要件確認表による
23236,愛知県,みよし市,都市地域,該当なし,,,1,0,,地域要件確認表による
23237,愛知県,あま市,都市地域,該当なし,,,1,0,,地域要件確認表による
23302,愛知県,東郷町,都市地域,該当なし,,,1,0,,地域要件確認表による
23238,愛知県,長久手市,都市地域,該当なし,,,1,0,,地域要件確認表による
23342,愛知県,豊山町,都市地域,該当なし,,,1,0,,地域要件確認表による
23361,愛知県,大口町,都市地域,該当なし,,,1,0,,地域要件確認表による
23362,愛知県,扶桑町,都市地域,該当なし,,,1,0,,地域要件確認表による
23424,愛知県,大治町,都市地域,該当なし,,,1,0,,地域要件確認表による
23425,愛知県,蟹江町,都市地域,該当なし,,,1,0,,地域要件確認表による
23427,愛知県,飛島村,都市地域,該当なし,,,1,0,,地域要件確認表による
23441,愛知県,阿久比町,都市地域,該当なし,,,1,0,,地域要件確認表による
23442,愛知県,東浦町,都市地域,該当なし,,,1,0,,地域要件確認表による
23445,愛知県,南知多町,一部条件不利地域,該当なし,過疎|山村|離島|半島,,1,0,,地域要件確認表による
23446,愛知県,美浜町,都市地域,該当なし,,,1,0,,地域要件確認表による
23447,愛知県,武豊町,都市地域,該当なし,,,1,0,,地域要件確認表による
23501,愛知県,幸田町,都市地域,該当なし,,,1,0,,地域要件確認表による
23561,愛知県,設楽町,全部条件不利地域,該当なし,,,1,0,,地域要件確認表による
23562,愛知県,東栄町,全部条件不利地域,該当なし,,,1,0,,地域要件確認表による
23563,愛知県,豊根村,全部条件不利地域,該当なし,,,1,0,,地域要件確認表による
24201,三重県,津市,一部条件不利地域,該当なし,過疎|山村|離島|半島,,1,0,,地域要件確認表による|過疎法の経過措置を受ける卒業団体
24202,三重県,四日市市,都市地域,該当なし,,,1,0,,地域要件確認表による
24203,三重県,伊勢市,全部条件不利地域,該当なし,,,1,0,,地域要件確認表による
24204,三重県,松阪市,一部条件不利地域,該当なし,過疎|山村|離島|半島,,1,0,過疎:飯南町・飯高町,地域要件確認表による
24205,三重県,桑名市,都市地域,該当なし,,,1,0,,地域要件確認表による
24207,三重県,鈴鹿市,都市地域,該当なし,,,1,0,,地域要件確認表による
24208,三重県,名張市,一部条件不利地域,該当なし,過疎|山村|離島|半島,,1,0,,地域要件確認表による
24209,三重県,尾鷲市,全部条件不利地域,該当なし,,,1,0,,地域要件確認表による
24210,三重県,亀山市,一部条件不利地域,該当なし,過疎|山村|離島|半島,,1,0,,地域要件確認表による
24211,三重県,鳥羽市,全部条件不利地域,該当なし,,,1,0,,地域要件確認表による
24212,三重県,熊野市,全部条件不利地域,該当なし,,,1,0,,地域要件確認表による
24214,三重県,いなべ市,一部条件不利地域,該当なし,過疎|山村|離島|半島,,1,0,,地域要件確認表による
24215,三重県,志摩市,全部条件不利地域,該当なし,,,1,0,,地域要件確認表による
24216,三重県,伊賀市,一部条件不利地域,該当なし,過疎|山村|離島|半島,,1,0,過疎:島ヶ原村・阿山町・大山田村・青山町,地域要件確認表による
24303,三重県,木曽岬町,都市地域,該当なし,,,1,0,,地域要件確認表による
24324,三重県,東員町,都市地域,該当なし,,,1,0,,地域要件確認表による
24341,三重県,菰野町,都市地域,該当なし,,,1,0,,地域要件確認表による
24343,三重県,朝日町,都市地域,該当なし,,,1,0,,地域要件確認表による
24344,三重県,川越町,都市地域,該当なし,,,1,0,,地域要件確認表による
24441,三重県,多気町,全部条件不利地域,該当なし,,,1,0,,地域要件確認表による
24442,三重県,明和町,全部条件不利地域,該当なし,,,1,0,,地域要件確認表による
24443,三重県,大台町,全部条件不利地域,該当なし,,,1,0,,地域要件確認表による
24461,三重県,玉城町,全部条件不利地域,該当なし,,,1,0,,地域要件確認表による
24470,三重県,度会町,全部条件不利地域,該当なし,,,1,0,,地域要件確認表による
24471,三重県,大紀町,全部条件不利地域,該当なし,,,1,0,,地域要件確認表による
24472,三重県,南伊勢町,全部条件不利地域,該当なし,,,1,0,,地域要件確認表による
24543,三重県,紀北町,全部条件不利地域,該当なし,,,1,0,,地域要件確認表による
24561,三重県,御浜町,全部条件不利地域,該当なし,,,1,0,,地域要件確認表による
24562,三重県,紀宝町,全部条件不利地域,該当なし,,,1,0,,地域要件確認表による
25201,滋賀県,大津市,都市地域,該当なし,,,0,0,,地域要件確認表による
25202,滋賀県,彦根市,都市地域,該当なし,,,0,0,,地域要件確認表による
25203,滋賀県,長浜市,一部条件不利地域,該当なし,過疎|山村|離島|半島,,0,0,過疎:虎姫町・木之本町・余呉町・西浅井町,地域要件確認表による
25204,滋賀県,近江八幡市,一部条件不利地域,該当なし,過疎|山村|離島|半島,,0,0,,地域要件確認表による
25206,滋賀県,草津市,都市地域,該当なし,,,0,0,,地域要件確認表による
25207,滋賀県,守山市,都市地域,該当なし,,,0,0,,地域要件確認表による
25208,滋賀県,栗東市,都市地域,該当なし,,,0,0,,地域要件確認表による
25209,滋賀県,甲賀市,一部条件不利地域,該当なし,過疎|山村|離島|半島,,0,0,,地域要件確認表による
25210,滋賀県,野洲市,都市地域,該当なし,,,0,0,,地域要件確認表による
25211,滋賀県,湖南市,都市地域,該当なし,,,0,0,,地域要件確認表による
25212,滋賀県,高島市,一部条件不利地域,該当なし,過疎|山村|離島|半島,,0,0,過疎:朽木村,地域要件確認表による
25213,滋賀県,東近江市,一部条件不利地域,該当なし,過疎|山村|離島|半島,,0,0,過疎:永源寺町・愛東町,地域要件確認表による
25214,滋賀県,米原市,一部条件不利地域,該当なし,過疎|山村|離島|半島,,0,0,,地域要件確認表による
25383,滋賀県,日野町,都市地域,該当なし,,,0,0,,地域要件確認表による
25384,滋賀県,竜王町,都市地域,該当なし,,,0,0,,地域要件確認表による
25425,滋賀県,愛荘町,都市地域,該当なし,,,0,0,,地域要件確認表による
25441,滋賀県,豊郷町,都市地域,該当なし,,,0,0,,地域要件確認表による
25442,滋賀県,甲良町,全部条件不利地域,該当なし,,,0,0,,地域要件確認表による
25443,滋賀県,多賀町,一部条件不利地域,該当なし,過疎|山村|離島|半島,,0,0,,地域要件確認表による
26100,京都府,京都市,一部条件不利地域,条件不利地域を含む,過疎|山村|離島|半島,,1,0,,地域要件確認表による|過疎法の経過措置を受ける卒業団体
26201,京都府,福知山市,一部条件不利地域,該当なし,過疎|山村|離島|半島,,1,0,過疎:三和町・夜久野町・大江町,地域要件確認表による
26202,京都府,舞鶴市,一部条件不利地域,該当なし,過疎|山村|離島|半島,,1,0,,地域要件確認表による
26203,京都府,綾部市,全部条件不利地域,該当なし,,,1,0,,地域要件確認表による
26204,京都府,宇治市,都市地域,該当なし,,,1,0,,地域要件確認表による
26205,京都府,宮津市,全部条件不利地域,該当なし,,,1,0,,地域要件確認表による
26206,京都府,亀岡市,都市地域,該当なし,,,1,0,,地域要件確認表による
26207,京都府,城陽市,都市地域,該当なし,,,1,0,,地域要件確認表による
26208,京都府,向日市,都市地域,該当なし,,,1,0,,地域要件確認表による
26209,京都府,長岡京市,都市地域,該当なし,,,1,0,,地域要件確認表による
26210,京都府,八幡市,都市地域,該当なし,,,1,0,,地域要件確認表による
26211,京都府,京田辺市,都市地域,該当なし,,,1,0,,地域要件確認表による
26212,京都府,京丹後市,全部条件不利地域,該当なし,,,1,0,,地域要件確認表による
26213,京都府,南丹市,全部条件不利地域,該当なし,,,1,0,,地域要件確認表による
26214,京都府,木津川市,一部条件不利地域,該当なし,過疎|山村|離島|半島,,1,0,過疎:加茂町,地域要件確認表による
26303,京都府,大山崎町,都市地域,該当なし,,,1,0,,地域要件確認表による
26322,京都府,久御山町,都市地域,該当なし,,,1,0,,地域要件確認表による
26343,京都府,井手町,都市地域,該当なし,,,0,1,,地域要件確認表による
26344,京都府,宇治田原町,一部条件不利地域,該当なし,過疎|山村|離島|半島,,1,0,,地域要件確認表による
26364,京都府,笠置町,全部条件不利地域,該当なし,,,1,0,,地域要件確認表による
26365,京都府,和束町,全部条件不利地域,該当なし,,,1,0,,地域要件確認表による
26366,京都府,精華町,都市地域,該当なし,,,1,0,,地域要件確認表による
26367,京都府,南山城村,全部条件不利地域,該当なし,,,1,0,,地域要件確認表による
26407,京都府,京丹波町,全部条件不利地域,該当なし,,,1,0,,地域要件確認表による
26463,京都府,伊根町,全部条件不利地域,該当なし,,,1,0,,地域要件確認表による
26465,京都府,与謝野町,全部条件不利地域,該当なし,,,1,0,,地域要件確認表による
27100,大阪府,大阪市,都市地域,条件不利地域を含まない,,,1,0,,地域要件確認表による
27140,大阪府,堺市,都市地域,条件不利地域を含まない,,,1,0,,地域要件確認表による
27202,大阪府,岸和田市,都市地域,該当なし,,,1,0,,地域要件確認表による
27203,大阪府,豊中市,都市地域,該当なし,,,1,0,,地域要件確認表による
27204,大阪府,池田市,都市地域,該当なし,,,1,0,,地域要件確認表による
27205,大阪府,吹田市,都市地域,該当なし,,,1,0,,地域要件確認表による
27206,大阪府,泉大津市,都市地域,該当なし,,,1,0,,地域要件確認表による
27207,大阪府,高槻市,都市地域,該当なし,,,1,0,,地域要件確認表による
27208,大阪府,貝塚市,都市地域,該当なし,,,1,0,,地域要件確認表による
27209,大阪府,守口市,都市地域,該当なし,,,1,0,,地域要件確認表による
27210,大阪府,枚方市,都市地域,該当なし,,,1,0,,地域要件確認表による
27211,大阪府,茨木市,都市地域,該当なし,,,1,0,,地域要件確認表による
27212,大阪府,八尾市,都市地域,該当なし,,,1,0,,地域要件確認表による
27213,大阪府,泉佐野市,都市地域,該当なし,,,1,0,,地域要件確認表による
27214,大阪府,富田林市,都市地域,該当なし,,,1,0,,地域要件確認表による
27215,大阪府,寝屋川市,都市地域,該当なし,,,1,0,,地域要件確認表による
27216,大阪府,河内長野市,都市地域,該当なし,,,1,0,,地域要件確認表による
27217,大阪府,松原市,都市地域,該当なし,,,1,0,,地域要件確認表による
27218,大阪府,大東市,都市地域,該当なし,,,1,0,,地域要件確認表による
27219,大阪府,和泉市,都市地域,該当なし,,,1,0,,地域要件確認表による
27220,大阪府,箕面市,都市地域,該当なし,,,1,0,,地域要件確認表による
27221,大阪府,柏原市,都市地域,該当なし,,,1,0,,地域要件確認表による
27222,大阪府,羽曳野市,都市地域,該当なし,,,1,0,,地域要件確認表による
27223,大阪府,門真市,都市地域,該当なし,,,1,0,,地域要件確認表による
27224,大阪府,摂津市,都市地域,該当なし,,,1,0,,地域要件確認表による
27225,大阪府,高石市,都市地域,該当なし,,,1,0,,地域要件確認表による
27226,大阪府,藤井寺市,都市地域,該当なし,,,1,0,,地域要件確認表による
27227,大阪府,東大阪市,都市地域,該当なし,,,1,0,,地域要件確認表による
27228,大阪府,泉南市,都市地域,該当なし,,,1,0,,地域要件確認表による
27229,大阪府,四條畷市,都市地域,該当なし,,,1,0,,地域要件確認表による
27230,大阪府,交野市,都市地域,該当なし,,,1,0,,地域要件確認表による
27231,大阪府,大阪狭山市,都市地域,該当なし,,,1,0,,地域要件確認表による
27232,大阪府,阪南市,都市地域,該当なし,,,1,0,,地域要件確認表による
27301,大阪府,島本町,都市地域,該当なし,,,1,0,,地域要件確認表による
27321,大阪府,豊能町,全部条件不利地域,該当なし,,,1,0,,地域要件確認表による
27322,大阪府,能勢町,全部条件不利地域,該当なし,,,1,0,,地域要件確認表による
27341,大阪府,忠岡町,都市地域,該当なし,,,1,0,,地域要件確認表による
27361,大阪府,熊取町,都市地域,該当なし,,,1,0,,地域要件確認表による
27362,大阪府,田尻町,都市地域,該当なし,,,1,0,,地域要件確認表による
27366,大阪府,岬町,全部条件不利地域,該当なし,,,1,0,,地域要件確認表による
27381,大阪府,太子町,都市地域,該当なし,,,1,0,,地域要件確認表による
27382,大阪府,河南町,都市地域,該当なし,,,1,0,,地域要件確認表による
27383,大阪府,千早赤阪村,全部条件不利地域,該当なし,,,1,0,,地域要件確認表による
28100,兵庫県,神戸市,都市地域,条件不利地域を含まない,,,1,0,,地域要件確認表による
28201,兵庫県,姫路市,一部条件不利地域,該当なし,過疎|山村|離島|半島,,1,0,,地域要件確認表による
28202,兵庫県,尼崎市,都市地域,該当なし,,,1,0,,地域要件確認表による
28203,兵庫県,明石市,都市地域,該当なし,,,1,0,,地域要件確認表による
28204,兵庫県,西宮市,都市地域,該当なし,,,1,0,,地域要件確認表による
28205,兵庫県,洲本市,全部条件不利地域,該当なし,,,1,0,,地域要件確認表による
28206,兵庫県,芦屋市,都市地域,該当なし,,,1,0,,地域要件確認表による
28207,兵庫県,伊丹市,都市地域,該当なし,,,1,0,,地域要件確認表による
28208,兵庫県,相生市,都市地域,該当なし,,,1,0,,地域要件確認表による
28209,兵庫県,豊岡市,一部条件不利地域,該当なし,過疎|山村|離島|半島,,1,0,過疎:城崎町・竹野町・但東町,地域要件確認表による
28210,兵庫県,加古川市,都市地域,該当なし,,,1,0,,地域要件確認表による
28212,兵庫県,赤穂市,都市地域,該当なし,,,1,0,,地域要件確認表による
28213,兵庫県,西脇市,都市地域,該当なし,,,1,0,,地域要件確認表による
28214,兵庫県,宝塚市,都市地域,該当なし,,,1,0,,地域要件確認表による
28215,兵庫県,三木市,都市地域,該当なし,,,1,0,,地域要件確認表による
28216,兵庫県,高砂市,都市地域,該当なし,,,1,0,,地域要件確認表による
28217,兵庫県,川西市,都市地域,該当なし,,,1,0,,地域要件確認表による
28218,兵庫県,小野市,都市地域,該当なし,,,1,0,,地域要件確認表による
28219,兵庫県,三田市,都市地域,該当なし,,,1,0,,地域要件確認表による
28220,兵庫県,加西市,都市地域,該当なし,,,1,0,,地域要件確認表による
28221,兵庫県,丹波篠山市,一部条件不利地域,該当なし,過疎|山村|離島|半島,,1,0,過疎:篠山町,地域要件確認表による
28222,兵庫県,養父市,全部条件不利地域,該当なし,,,1,0,,地域要件確認表による
28223,兵庫県,丹波市,一部条件不利地域,該当なし,過疎|山村|離島|半島,,1,0,過疎:青垣町・山南町,地域要件確認表による
28224,兵庫県,南あわじ市,一部条件不利地域,該当なし,過疎|山村|離島|半島,,1,0,過疎:西淡町・南淡町,地域要件確認表による
28225,兵庫県,朝来市,一部条件不利地域,該当なし,過疎|山村|離島|半島,,1,0,過疎:生野町・山東町・朝来町,地域要件確認表による
28226,兵庫県,淡路市,全部条件不利地域,該当なし,,,1,0,,地域要件確認表による
28227,兵庫県,宍粟市,全部条件不利地域,該当なし,,,1,0,,地域要件確認表による
28228,兵庫県,加東市,都市地域,該当なし,,,1,0,,地域要件確認表による
28229,兵庫県,たつの市,一部条件不利地域,該当なし,過疎|山村|離島|半島,,1,0,過疎:新宮町,地域要件確認表による
28301,兵庫県,猪名川町,都市地域,該当なし,,,1,0,,地域要件確認表による
28365,兵庫県,多可町,全部条件不利地域,該当なし,,,1,0,,地域要件確認表による
28381,兵庫県,稲美町,都市地域,該当なし,,,1,0,,地域要件確認表による
28382,兵庫県,播磨町,都市地域,該当なし,,,1,0,,地域要件確認表による
28442,兵庫県,市川町,全部条件不利地域,該当なし,,,1,0,,地域要件確認表による
28443,兵庫県,福崎町,都市地域,該当なし,,,1,0,,地域要件確認表による
28446,兵庫県,神河町,全部条件不利地域,該当なし,,,1,0,,地域要件確認表による
28464,兵庫県,太子町,都市地域,該当なし,,,1,0,,地域要件確認表による
28481,兵庫県,上郡町,都市地域,該当なし,,,0,1,,地域要件確認表による
28501,兵庫県,佐用町,全部条件不利地域,該当なし,,,1,0,,地域要件確認表による
28585,兵庫県,香美町,全部条件不利地域,該当なし,,,1,0,,地域要件確認表による
28586,兵庫県,新温泉町,全部条件不利地域,該当なし,,,1,0,,地域要件確認表による
29201,奈良県,奈良市,一部条件不利地域,該当なし,過疎|山村|離島|半島,,1,0,,地域要件確認表による
29202,奈良県,大和高田市,都市地域,該当なし,,,1,0,,地域要件確認表による
29203,奈良県,大和郡山市,都市地域,該当なし,,,1,0,,地域要件確認表による
29204,奈良県,天理市,都市地域,該当なし,,,1,0,,地域要件確認表による
29205,奈良県,橿原市,都市地域,該当なし,,,1,0,,地域要件確認表による
29206,奈良県,桜井市,都市地域,該当なし,,,1,0,,地域要件確認表による
29207,奈良県,五條市,全部条件不利地域,該当なし,,,1,0,,地域要件確認表による
29208,奈良県,御所市,全部条件不利地域,該当なし,,,1,0,,地域要件確認表による
29209,奈良県,生駒市,都市地域,該当なし,,,1,0,,地域要件確認表による
29210,奈良県,香芝市,都市地域,該当なし,,,1,0,,地域要件確認表による
29211,奈良県,葛城市,都市地域,該当なし,,,1,0,,地域要件確認表による
29212,奈良県,宇陀市,全部条件不利地域,該当なし,,,1,0,,地域要件確認表による
29322,奈良県,山添村,全部条件不利地域,該当なし,,,1,0,,地域要件確認表による
29342,奈良県,平群町,都市地域,該当なし,,,1,0,,地域要件確認表による
29343,奈良県,三郷町,都市地域,該当なし,,,1,0,,地域要件確認表による
29344,奈良県,斑鳩町,都市地域,該当なし,,,1,0,,地域要件確認表による
29345,奈良県,安堵町,都市地域,該当なし,,,1,0,,地域要件確認表による
29361,奈良県,川西町,都市地域,該当なし,,,1,0,,地域要件確認表による
29362,奈良県,三宅町,全部条件不利地域,該当なし,,,1,0,,地域要件確認表による
29363,奈良県,田原本町,都市地域,該当なし,,,1,0,,地域要件確認表による
29385,奈良県,曽爾村,全部条件不利地域,該当なし,,,1,0,,地域要件確認表による
29386,奈良県,御杖村,全部条件不利地域,該当なし,,,1,0,,地域要件確認表による
29401,奈良県,高取町,全部条件不利地域,該当なし,,,1,0,,地域要件確認表による
29402,奈良県,明日香村,全部条件不利地域,該当なし,,,1,0,,地域要件確認表による
29424,奈良県,上牧町,都市地域,該当なし,,,0,1,,地域要件確認表による
29425,奈良県,王寺町,都市地域,該当なし,,,1,0,,地域要件確認表による
29426,奈良県,広陵町,都市地域,該当なし,,,1,0,,地域要件確認表による
29427,奈良県,河合町,都市地域,該当なし,,,1,0,,地域要件確認表による
29441,奈良県,吉野町,全部条件不利地域,該当なし,,,1,0,,地域要件確認表による
29442,奈良県,大淀町,全部条件不利地域,該当なし,,,1,0,,地域要件確認表による
29443,奈良県,下市町,全部条件不利地域,該当なし,,,1,0,,地域要件確認表による
29444,奈良県,黒滝村,全部条件不利地域,該当なし,,,1,0,,地域要件確認表による
29446,奈良県,天川村,全部条件不利地域,該当なし,,,1,0,,地域要件確認表による
29447,奈良県,野迫川村,全部条件不利地域,該当なし,,,1,0,,地域要件確認表による
29449,奈良県,十津川村,全部条件不利地域,該当なし,,,1,0,,地域要件確認表による
29450,奈良県,下北山村,全部条件不利地域,該当なし,,,1,0,,地域要件確認表による
29451,奈良県,上北山村,全部条件不利地域,該当なし,,,1,0,,地域要件確認表による
29452,奈良県,川上村,全部条件不利地域,該当なし,,,1,0,,地域要件確認表による
29453,奈良県,東吉野村,全部条件不利地域,該当なし,,,1,0,,地域要件確認表による
30201,和歌山県,和歌山市,都市地域,該当なし,,,0,0,,地域要件確認表による
30202,和歌山県,海南市,全部条件不利地域,該当なし,,,0,0,過疎:下津町,地域要件確認表による
30203,和歌山県,橋本市,全部条件不利地域,該当なし,,,0,0,,地域要件確認表による
30204,和歌山県,有田市,全部条件不利地域,該当なし,,,0,0,,地域要件確認表による
30205,和歌山県,御坊市,全部条件不利地域,該当なし,,,0,0,,地域要件確認表による
30206,和歌山県,田辺市,全部条件不利地域,該当なし,,,0,0,,地域要件確認表による
30207,和歌山県,新宮市,全部条件不利地域,該当なし,,,0,0,,地域要件確認表による
30208,和歌山県,紀の川市,全部条件不利地域,該当なし,,,0,0,過疎:粉河町・那賀町・桃山町,地域要件確認表による
30209,和歌山県,岩出市,全部条件不利地域,該当なし,,,0,0,,地域要件確認表による
30304,和歌山県,紀美野町,全部条件不利地域,該当なし,,,0,0,,地域要件確認表による
30341,和歌山県,かつらぎ町,全部条件不利地域,該当なし,,,0,0,,地域要件確認表による
30343,和歌山県,九度山町,全部条件不利地域,該当なし,,,0,0,,地域要件確認表による
30344,和歌山県,高野町,全部条件不利地域,該当なし,,,0,0,,地域要件確認表による
30361,和歌山県,湯浅町,全部条件不利地域,該当なし,,,0,0,,地域要件確認表による
30362,和歌山県,広川町,全部条件不利地域,該当なし,,,0,0,,地域要件確認表による
30366,和歌山県,有田川町,全部条件不利地域,該当なし,,,0,0,,地域要件確認表による
30381,和歌山県,美浜町,全部条件不利地域,該当なし,,,0,0,,地域要件確認表による
30382,和歌山県,日高町,全部条件不利地域,該当なし,,,0,0,,地域要件確認表による
30383,和歌山県,由良町,全部条件不利地域,該当なし,,,0,0,,地域要件確認表による
30390,和歌山県,印南町,全部条件不利地域,該当なし,,,0,0,,地域要件確認表による
30391,和歌山県,みなべ町,全部条件不利地域,該当なし,,,0,0,過疎:南部川村,地域要件確認表による
30392,和歌山県,日高川町,全部条件不利地域,該当なし,,,0,0,,地域要件確認表による
30401,和歌山県,白浜町,全部条件不利地域,該当なし,,,0,0,過疎:日置川町,地域要件確認表による
30404,和歌山県,上富田町,全部条件不利地域,該当なし,,,0,0,,地域要件確認表による
30406,和歌山県,すさみ町,全部条件不利地域,該当なし,,,0,0,,地域要件確認表による
30421,和歌山県,那智勝浦町,全部条件不利地域,該当なし,,,0,0,,地域要件確認表による
30422,和歌山県,太地町,全部条件不利地域,該当なし,,,0,0,,地域要件確認表による
30424,和歌山県,古座川町,全部条件不利地域,該当なし,,,0,0,,地域要件確認表による
30427,和歌山県,北山村,全部条件不利地域,該当なし,,,0,0,,地域要件確認表による
30428,和歌山県,串本町,全部条件不利地域,該当なし,,,0,0,,地域要件確認表による
31201,鳥取県,鳥取市,一部条件不利地域,該当なし,過疎|山村|離島|半島,,0,0,過疎:河原町・用瀬町・佐治村・青谷町・福部村,地域要件確認表による
31202,鳥取県,米子市,都市地域,該当なし,,,0,0,,地域要件確認表による
31203,鳥取県,倉吉市,一部条件不利地域,該当なし,過疎|山村|離島|半島,,0,0,過疎:関金町,地域要件確認表による
31204,鳥取県,境港市,都市地域,該当なし,,,0,0,,地域要件確認表による
31302,鳥取県,岩美町,全部条件不利地域,該当なし,,,0,0,,地域要件確認表による
31325,鳥取県,若桜町,全部条件不利地域,該当なし,,,0,0,,地域要件確認表による
31328,鳥取県,智頭町,全部条件不利地域,該当なし,,,0,0,,地域要件確認表による
31329,鳥取県,八頭町,全部条件不利地域,該当なし,,,0,0,,地域要件確認表による
31364,鳥取県,三朝町,全部条件不利地域,該当なし,,,0,0,,地域要件確認表による
31370,鳥取県,湯梨浜町,一部条件不利地域,該当なし,過疎|山村|離島|半島,,0,0,過疎:泊村・東郷町,地域要件確認表による
31371,鳥取県,琴浦町,全部条件不利地域,該当なし,,,0,0,,地域要件確認表による
31372,鳥取県,北栄町,一部条件不利地域,該当なし,過疎|山村|離島|半島,,0,0,過疎:大栄町,地域要件確認表による
31384,鳥取県,日吉津村,都市地域,該当なし,,,0,0,,地域要件確認表による
31386,鳥取県,大山町,全部条件不利地域,該当なし,,,0,0,,地域要件確認表による
31389,鳥取県,南部町,一部条件不利地域,該当なし,過疎|山村|離島|半島,,0,0,,地域要件確認表による
31390,鳥取県,伯耆町,一部条件不利地域,該当なし,過疎|山村|離島|半島,,0,0,過疎:溝口町,地域要件確認表による
31401,鳥取県,日南町,全部条件不利地域,該当なし,,,0,0,,地域要件確認表による
31402,鳥取県,日野町,全部条件不利地域,該当なし,,,0,0,,地域要件確認表による
31403,鳥取県,江府町,全部条件不利地域,該当なし,,,0,0,,地域要件確認表による
32201,島根県,松江市,一部条件不利地域,該当なし,過疎|山村|離島|半島,,0,0,過疎:鹿島町・島根町・美保関町,地域要件確認表による
32202,島根県,浜田市,全部条件不利地域,該当なし,,,0,0,,地域要件確認表による
32203,島根県,出雲市,一部条件不利地域,該当なし,過疎|山村|離島|半島,,0,0,過疎:佐田町・多伎町,地域要件確認表による
32204,島根県,益田市,全部条件不利地域,該当なし,,,0,0,,地域要件確認表による
32205,島根県,大田市,全部条件不利地域,該当なし,,,0,0,,地域要件確認表による
32206,島根県,安来市,全部条件不利地域,該当なし,,,0,0,,地域要件確認表による
32207,島根県,江津市,全部条件不利地域,該当なし,,,0,0,,地域要件確認表による
32209,島根県,雲南市,全部条件不利地域,該当なし,,,0,0,,地域要件確認表による
32343,島根県,奥出雲町,全部条件不利地域,該当なし,,,0,0,,地域要件確認表による
32386,島根県,飯南町,全部条件不利地域,該当なし,,,0,0,,地域要件確認表による
32441,島根県,川本町,全部条件不利地域,該当なし,,,0,0,,地域要件確認表による
32448,島根県,美郷町,全部条件不利地域,該当なし,,,0,0,,地域要件確認表による
32449,島根県,邑南町,全部条件不利地域,該当なし,,,0,0,,地域要件確認表による
32501,島根県,津和野町,全部条件不利地域,該当なし,,,0,0,,地域要件確認表による
32505,島根県,吉賀町,全部条件不利地域,該当なし,,,0,0,,地域要件確認表による
32525,島根県,海士町,全部条件不利地域,該当なし,,,0,0,,地域要件確認表による
32526,島根県,西ノ島町,全部条件不利地域,該当なし,,,0,0,,地域要件確認表による
32527,島根県,知夫村,全部条件不利地域,該当なし,,,0,0,,地域要件確認表による
32528,島根県,隠岐の島町,全部条件不利地域,該当なし,,,0,0,,地域要件確認表による
33100,岡山県,岡山市,一部条件不利地域,条件不利地域を含む,過疎|山村|離島|半島,,0,0,,地域要件確認表による|過疎法の経過措置を受ける卒業団体
33202,岡山県,倉敷市,一部条件不利地域,該当なし,過疎|山村|離島|半島,,0,0,,地域要件確認表による
33203,岡山県,津山市,一部条件不利地域,該当なし,過疎|山村|離島|半島,,0,0,過疎:加茂町・阿波村・久米町・勝北町,地域要件確認表による
33204,岡山県,玉野市,一部条件不利地域,該当なし,過疎|山村|離島|半島,,0,0,,地域要件確認表による
33205,岡山県,笠岡市,一部条件不利地域,該当なし,過疎|山村|離島|半島,,0,0,,地域要件確認表による
33207,岡山県,井原市,全部条件不利地域,該当なし,,,0,0,,地域要件確認表による
33208,岡山県,総社市,一部条件不利地域,該当なし,過疎|山村|離島|半島,,0,0,,地域要件確認表による
33209,岡山県,高梁市,全部条件不利地域,該当なし,,,0,0,,地域要件確認表による
33210,岡山県,新見市,全部条件不利地域,該当なし,,,0,0,,地域要件確認表による
33211,岡山県,備前市,全部条件不利地域,該当なし,,,0,0,,地域要件確認表による
33212,岡山県,瀬戸内市,一部条件不利地域,該当なし,過疎|山村|離島|半島,,0,0,過疎:牛窓町,地域要件確認表による
33213,岡山県,赤磐市,一部条件不利地域,該当なし,過疎|山村|離島|半島,,0,0,過疎:赤坂町・吉井町,地域要件確認表による
33214,岡山県,真庭市,全部条件不利地域,該当なし,,,0,0,,地域要件確認表による
33215,岡山県,美作市,全部条件不利地域,該当なし,,,0,0,,地域要件確認表による
33216,岡山県,浅口市,一部条件不利地域,該当なし,過疎|山村|離島|半島,,0,0,過疎:寄島町,地域要件確認表による
33346,岡山県,和気町,全部条件不利地域,該当なし,,,0,0,,地域要件確認表による
33423,岡山県,早島町,都市地域,該当なし,,,0,0,,地域要件確認表による
33445,岡山県,里庄町,都市地域,該当なし,,,0,0,,地域要件確認表による
33461,岡山県,矢掛町,全部条件不利地域,該当なし,,,0,0,,地域要件確認表による
33586,岡山県,新庄村,全部条件不利地域,該当なし,,,0,0,,地域要件確認表による
33606,岡山県,鏡野町,全部条件不利地域,該当なし,,,0,0,,地域要件確認表による
33622,岡山県,勝央町,都市地域,該当なし,,,0,0,,地域要件確認表による
33623,岡山県,奈義町,全部条件不利地域,該当なし,,,0,0,,地域要件確認表による
33643,岡山県,西粟倉村,全部条件不利地域,該当なし,,,0,0,,地域要件確認表による
33663,岡山県,久米南町,全部条件不利地域,該当なし,,,0,0,,地域要件確認表による
33666,岡山県,美咲町,全部条件不利地域,該当なし,,,0,0,,地域要件確認表による
33681,岡山県,吉備中央町,全部条件不利地域,該当なし,,,0,0,,地域要件確認表による
34100,広島県,広島市,一部条件不利地域,条件不利地域を含む,過疎|山村|離島|半島,,0,0,,地域要件確認表による
34202,広島県,呉市,一部条件不利地域,該当なし,過疎|山村|離島|半島,,0,0,過疎:音戸町・倉橋町・下蒲刈町・蒲刈町・川尻町・豊浜町・豊,地域要件確認表による
34203,広島県,竹原市,一部条件不利地域,該当なし,過疎|山村|離島|半島,,0,0,,地域要件確認表による
34204,広島県,三原市,一部条件不利地域,該当なし,過疎|山村|離島|半島,,0,0,過疎:大和町・久井町,地域要件確認表による
34205,広島県,尾道市,一部条件不利地域,該当なし,過疎|山村|離島|半島,,0,0,過疎:因島市・瀬戸田町・御調町・向島町,地域要件確認表による
34207,広島県,福山市,一部条件不利地域,該当なし,過疎|山村|離島|半島,,0,0,,地域要件確認表による|過疎法の経過措置を受ける卒業団体
34208,広島県,府中市,全部条件不利地域,該当なし,,,0,0,,地域要件確認表による
34209,広島県,三次市,全部条件不利地域,該当なし,,,0,0,,地域要件確認表による
34210,広島県,庄原市,全部条件不利地域,該当なし,,,0,0,,地域要件確認表による
34211,広島県,大竹市,一部条件不利地域,該当なし,過疎|山村|離島|半島,,0,0,,地域要件確認表による
34212,広島県,東広島市,一部条件不利地域,該当なし,過疎|山村|離島|半島,,0,0,,地域要件確認表による|過疎法の経過措置を受ける卒業団体
34213,広島県,廿日市市,一部条件不利地域,該当なし,過疎|山村|離島|半島,,0,0,過疎:吉和村・宮島町・佐伯町,地域要件確認表による
34214,広島県,安芸高田市,全部条件不利地域,該当なし,,,0,0,,地域要件確認表による
34215,広島県,江田島市,全部条件不利地域,該当なし,,,0,0,,地域要件確認表による
34302,広島県,府中町,都市地域,該当なし,,,0,0,,地域要件確認表による
34304,広島県,海田町,都市地域,該当なし,,,0,0,,地域要件確認表による
34307,広島県,熊野町,都市地域,該当なし,,,0,0,,地域要件確認表による
34309,広島県,坂町,都市地域,該当なし,,,0,0,,地域要件確認表による
34368,広島県,安芸太田町,全部条件不利地域,該当なし,,,0,0,,地域要件確認表による
34369,広島県,北広島町,全部条件不利地域,該当なし,,,0,0,,地域要件確認表による
34431,広島県,大崎上島町,全部条件不利地域,該当なし,,,0,0,,地域要件確認表による
34462,広島県,世羅町,全部条件不利地域,該当なし,,,0,0,,地域要件確認表による
34545,広島県,神石高原町,全部条件不利地域,該当なし,,,0,0,,地域要件確認表による
35201,山口県,下関市,一部条件不利地域,該当なし,過疎|山村|離島|半島,,0,0,過疎:豊田町・豊北町・豊浦町,地域要件確認表による
35202,山口県,宇部市,一部条件不利地域,該当なし,過疎|山村|離島|半島,,0,0,,地域要件確認表による|過疎法の経過措置を受ける卒業団体
35203,山口県,山口市,一部条件不利地域,該当なし,過疎|山村|離島|半島,,0,0,過疎:徳地町・秋穂町・阿東町,地域要件確認表による
35204,山口県,萩市,全部条件不利地域,該当なし,,,0,0,,地域要件確認表による
35206,山口県,防府市,一部条件不利地域,該当なし,過疎|山村|離島|半島,,0,0,,地域要件確認表による
35207,山口県,下松市,都市地域,該当なし,,,0,0,,地域要件確認表による
35208,山口県,岩国市,一部条件不利地域,該当なし,過疎|山村|離島|半島,,0,0,過疎:本郷村・錦町・美川町・美和町・周東町,地域要件確認表による
35210,山口県,光市,一部条件不利地域,該当なし,過疎|山村|離島|半島,,0,0,,地域要件確認表による
35211,山口県,長門市,全部条件不利地域,該当なし,,,0,0,,地域要件確認表による
35212,山口県,柳井市,全部条件不利地域,該当なし,,,0,0,過疎:大畠町・柳井市,地域要件確認表による
35213,山口県,美祢市,全部条件不利地域,該当なし,,,0,0,,地域要件確認表による
35215,山口県,周南市,一部条件不利地域,該当なし,過疎|山村|離島|半島,,0,0,,地域要件確認表による|過疎法の経過措置を受ける卒業団体
35216,山口県,山陽小野田市,都市地域,該当なし,,,0,0,,地域要件確認表による
35305,山口県,周防大島町,全部条件不利地域,該当なし,,,0,0,,地域要件確認表による
35321,山口県,和木町,都市地域,該当なし,,,0,0,,地域要件確認表による
35341,山口県,上関町,全部条件不利地域,該当なし,,,0,0,,地域要件確認表による
35343,山口県,田布施町,一部条件不利地域,該当なし,過疎|山村|離島|半島,,0,0,,地域要件確認表による
35344,山口県,平生町,全部条件不利地域,該当なし,,,0,0,,地域要件確認表による
35502,山口県,阿武町,全部条件不利地域,該当なし,,,0,0,,地域要件確認表による
36201,徳島県,徳島市,都市地域,該当なし,,,0,0,,地域要件確認表による
36202,徳島県,鳴門市,都市地域,該当なし,,,0,0,,地域要件確認表による
36203,徳島県,小松島市,都市地域,該当なし,,,0,0,,地域要件確認表による
36204,徳島県,阿南市,一部条件不利地域,該当なし,過疎|山村|離島|半島,,0,0,,地域要件確認表による
36205,徳島県,吉野川市,一部条件不利地域,該当なし,過疎|山村|離島|半島,,0,0,過疎:美郷村・山川町,地域要件確認表による
36206,徳島県,阿波市,一部条件不利地域,該当なし,過疎|山村|離島|半島,,0,0,過疎:市場町,地域要件確認表による
36207,徳島県,美馬市,全部条件不利地域,該当なし,,,0,0,,地域要件確認表による
36208,徳島県,三好市,全部条件不利地域,該当なし,,,0,0,,地域要件確認表による
36301,徳島県,勝浦町,全部条件不利地域,該当なし,,,0,0,,地域要件確認表による
36302,徳島県,上勝町,全部条件不利地域,該当なし,,,0,0,,地域要件確認表による
36321,徳島県,佐那河内村,全部条件不利地域,該当なし,,,0,0,,地域要件確認表による
36341,徳島県,石井町,都市地域,該当なし,,,0,0,,地域要件確認表による
36342,徳島県,神山町,全部条件不利地域,該当なし,,,0,0,,地域要件確認表による
36368,徳島県,那賀町,全部条件不利地域,該当なし,,,0,0,,地域要件確認表による
36383,徳島県,牟岐町,全部条件不利地域,該当なし,,,0,0,,地域要件確認表による
36387,徳島県,美波町,全部条件不利地域,該当なし,,,0,0,,地域要件確認表による
36388,徳島県,海陽町,全部条件不利地域,該当なし,,,0,0,,地域要件確認表による
36401,徳島県,松茂町,都市地域,該当なし,,,0,0,,地域要件確認表による
36402,徳島県,北島町,都市地域,該当なし,,,0,0,,地域要件確認表による
36403,徳島県,藍住町,都市地域,該当なし,,,0,0,,地域要件確認表による
36404,徳島県,板野町,都市地域,該当なし,,,0,0,,地域要件確認表による
36405,徳島県,上板町,都市地域,該当なし,,,0,0,,地域要件確認表による
36468,徳島県,つるぎ町,全部条件不利地域,該当なし,,,0,0,,地域要件確認表による
36489,徳島県,東みよし町,一部条件不利地域,該当なし,過疎|山村|離島|半島,,0,0,,地域要件確認表による|過疎法の経過措置を受ける卒業団体
37201,香川県,高松市,一部条件不利地域,該当なし,過疎|山村|離島|半島,,0,0,,地域要件確認表による|過疎法の経過措置を受ける卒業団体
37202,香川県,丸亀市,一部条件不利地域,該当なし,過疎|山村|離島|半島,,0,0,,地域要件確認表による
37203,香川県,坂出市,一部条件不利地域,該当なし,過疎|山村|離島|半島,,0,0,,地域要件確認表による
37204,香川県,善通寺市,都市地域,該当なし,,,0,0,,地域要件確認表による
37205,香川県,観音寺市,一部条件不利地域,該当なし,過疎|山村|離島|半島,,0,0,過疎:豊浜町,地域要件確認表による
37206,香川県,さぬき市,一部条件不利地域,該当なし,過疎|山村|離島|半島,,0,0,過疎:津田町・大川町,地域要件確認表による
37207,香川県,東かがわ市,全部条件不利地域,該当なし,,,0,0,,地域要件確認表による
37208,香川県,三豊市,一部条件不利地域,該当なし,過疎|山村|離島|半島,,0,0,過疎:詫間町・仁尾町・財田町,地域要件確認表による
37322,香川県,土庄町,全部条件不利地域,該当なし,,,0,0,,地域要件確認表による
37324,香川県,小豆島町,全部条件不利地域,該当なし,,,0,0,,地域要件確認表による
37341,香川県,三木町,都市地域,該当なし,,,0,0,,地域要件確認表による
37364,香川県,直島町,全部条件不利地域,該当なし,,,0,0,,地域要件確認表による
37386,香川県,宇多津町,都市地域,該当なし,,,0,0,,地域要件確認表による
37387,香川県,綾川町,一部条件不利地域,該当なし,過疎|山村|離島|半島,,0,0,過疎:綾上町,地域要件確認表による
37403,香川県,琴平町,全部条件不利地域,該当なし,,,0,0,,地域要件確認表による
37404,香川県,多度津町,一部条件不利地域,該当なし,過疎|山村|離島|半島,,0,0,,地域要件確認表による
37406,香川県,まんのう町,全部条件不利地域,該当なし,,,0,0,,地域要件確認表による
38201,愛媛県,松山市,一部条件不利地域,該当なし,過疎|山村|離島|半島,,0,0,,地域要件確認表による|過疎法の経過措置を受ける卒業団体
38202,愛媛県,今治市,一部条件不利地域,該当なし,過疎|山村|離島|半島,,0,0,過疎:菊間町・吉海町・宮窪町・伯方町・上浦町・大三島町・関,地域要件確認表による
38203,愛媛県,宇和島市,全部条件不利地域,該当なし,,,0,0,,地域要件確認表による
38204,愛媛県,八幡浜市,全部条件不利地域,該当なし,,,0,0,,地域要件確認表による
38205,愛媛県,新居浜市,一部条件不利地域,該当なし,過疎|山村|離島|半島,,0,0,,地域要件確認表による|過疎法の経過措置を受ける卒業団体
38206,愛媛県,西条市,一部条件不利地域,該当なし,過疎|山村|離島|半島,,0,0,,地域要件確認表による
38207,愛媛県,大洲市,全部条件不利地域,該当なし,,,0,0,,地域要件確認表による
38210,愛媛県,伊予市,全部条件不利地域,該当なし,,,0,0,,地域要件確認表による
38213,愛媛県,四国中央市,一部条件不利地域,該当なし,過疎|山村|離島|半島,,0,0,,地域要件確認表による|過疎法の経過措置を受ける卒業団体
38214,愛媛県,西予市,全部条件不利地域,該当なし,,,0,0,,地域要件確認表による
38215,愛媛県,東温市,一部条件不利地域,該当なし,過疎|山村|離島|半島,,0,0,,地域要件確認表による
38356,愛媛県,上島町,全部条件不利地域,該当なし,,,0,0,,地域要件確認表による
38386,愛媛県,久万高原町,全部条件不利地域,該当なし,,,0,0,,地域要件確認表による
38401,愛媛県,松前町,都市地域,該当なし,,,0,0,,地域要件確認表による
38402,愛媛県,砥部町,一部条件不利地域,該当なし,過疎|山村|離島|半島,,0,0,過疎:広田村,地域要件確認表による
38422,愛媛県,内子町,全部条件不利地域,該当なし,,,0,0,,地域要件確認表による
38442,愛媛県,伊方町,全部条件不利地域,該当なし,,,0,0,過疎:伊方町・瀬戸町・三崎町,地域要件確認表による
38484,愛媛県,松野町,全部条件不利地域,該当なし,,,0,0,,地域要件確認表による
38488,愛媛県,鬼北町,全部条件不利地域,該当なし,,,0,0,,地域要件確認表による
38506,愛媛県,愛南町,全部条件不利地域,該当なし,,,0,0,,地域要件確認表による
39201,高知県,高知市,一部条件不利地域,該当なし,過疎|山村|離島|半島,,0,0,過疎:鏡村・土佐山村,地域要件確認表による
39202,高知県,室戸市,全部条件不利地域,該当なし,,,0,0,,地域要件確認表による
39203,高知県,安芸市,全部条件不利地域,該当なし,,,0,0,,地域要件確認表による
39204,高知県,南国市,一部条件不利地域,該当なし,過疎|山村|離島|半島,,0,0,,地域要件確認表による
39205,高知県,土佐市,都市地域,該当なし,,,0,0,,地域要件確認表による
39206,高知県,須崎市,全部条件不利地域,該当なし,,,0,0,,地域要件確認表による
39208,高知県,宿毛市,全部条件不利地域,該当なし,,,0,0,,地域要件確認表による
39209,高知県,土佐清水市,全部条件不利地域,該当なし,,,0,0,,地域要件確認表による
39210,高知県,四万十市,一部条件不利地域,該当なし,過疎|山村|離島|半島,,0,0,過疎:西土佐村,地域要件確認表による
39211,高知県,香南市,一部条件不利地域,該当なし,過疎|山村|離島|半島,,0,0,過疎:赤岡町・夜須町・吉川村,地域要件確認表による
39212,高知県,香美市,全部条件不利地域,該当なし,,,0,0,,地域要件確認表による
39301,高知県,東洋町,全部条件不利地域,該当なし,,,0,0,,地域要件確認表による
39302,高知県,奈半利町,全部条件不利地域,該当なし,,,0,0,,地域要件確認表による
39303,高知県,田野町,全部条件不利地域,該当なし,,,0,0,,地域要件確認表による
39304,高知県,安田町,全部条件不利地域,該当なし,,,0,0,,地域要件確認表による
39305,高知県,北川村,全部条件不利地域,該当なし,,,0,0,,地域要件確認表による
39306,高知県,馬路村,全部条件不利地域,該当なし,,,0,0,,地域要件確認表による
39307,高知県,芸西村,一部条件不利地域,該当なし,過疎|山村|離島|半島,,0,0,,地域要件確認表による
39341,高知県,本山町,全部条件不利地域,該当なし,,,0,0,,地域要件確認表による
39344,高知県,大豊町,全部条件不利地域,該当なし,,,0,0,,地域要件確認表による
39363,高知県,土佐町,全部条件不利地域,該当なし,,,0,0,,地域要件確認表による
39364,高知県,大川村,全部条件不利地域,該当なし,,,0,0,,地域要件確認表による
39386,高知県,いの町,全部条件不利地域,該当なし,,,0,0,,地域要件確認表による
39387,高知県,仁淀川町,全部条件不利地域,該当なし,,,0,0,,地域要件確認表による
39401,高知県,中土佐町,全部条件不利地域,該当なし,,,0,0,,地域要件確認表による
39402,高知県,佐川町,一部条件不利地域,該当なし,過疎|山村|離島|半島,,0,0,,地域要件確認表による
39403,高知県,越知町,全部条件不利地域,該当なし,,,0,0,,地域要件確認表による
39405,高知県,梼原町,全部条件不利地域,該当なし,,,0,0,,地域要件確認表による
39410,高知県,日高村,都市地域,該当なし,,,0,0,,地域要件確認表による
39411,高知県,津野町,全部条件不利地域,該当なし,,,0,0,,地域要件確認表による
39412,高知県,四万十町,全部条件不利地域,該当なし,,,0,0,,地域要件確認表による
39424,高知県,大月町,全部条件不利地域,該当なし,,,0,0,,地域要件確認表による
39427,高知県,三原村,全部条件不利地域,該当なし,,,0,0,,地域要件確認表による
39428,高知県,黒潮町,全部条件不利地域,該当なし,,,0,0,,地域要件確認表による
40100,福岡県,北九州市,一部条件不利地域,条件不利地域を含む,過疎|山村|離島|半島,,0,0,,地域要件確認表による
40130,福岡県,福岡市,一部条件不利地域,条件不利地域を含む,過疎|山村|離島|半島,,0,0,,地域要件確認表による
40202,福岡県,大牟田市,全部条件不利地域,該当なし,,,0,0,,地域要件確認表による|過疎法の経過措置を受ける卒業団体
40203,福岡県,久留米市,都市地域,該当なし,,,0,0,,地域要件確認表による
40204,福岡県,直方市,都市地域,該当なし,,,0,0,,地域要件確認表による
40205,福岡県,飯塚市,一部条件不利地域,該当なし,過疎|山村|離島|半島,,0,0,過疎:筑穂町・頴田町,地域要件確認表による
40206,福岡県,田川市,全部条件不利地域,該当なし,,,0,0,,地域要件確認表による
40207,福岡県,柳川市,一部条件不利地域,該当なし,過疎|山村|離島|半島,,0,0,過疎:大和町・柳川市,地域要件確認表による
40210,福岡県,八女市,全部条件不利地域,該当なし,,,0,0,,地域要件確認表による
40211,福岡県,筑後市,都市地域,該当なし,,,0,0,,地域要件確認表による
40212,福岡県,大川市,都市地域,該当なし,,,0,0,,地域要件確認表による
40213,福岡県,行橋市,都市地域,該当なし,,,0,0,,地域要件確認表による
40214,福岡県,豊前市,一部条件不利地域,該当なし,過疎|山村|離島|半島,,0,0,,地域要件確認表による
40215,福岡県,中間市,都市地域,該当なし,,,0,0,,地域要件確認表による
40216,福岡県,小郡市,都市地域,該当なし,,,0,0,,地域要件確認表による
40217,福岡県,筑紫野市,都市地域,該当なし,,,0,0,,地域要件確認表による
40218,福岡県,春日市,都市地域,該当なし,,,0,0,,地域要件確認表による
40219,福岡県,大野城市,都市地域,該当なし,,,0,0,,地域要件確認表による
40220,福岡県,宗像市,一部条件不利地域,該当なし,過疎|山村|離島|半島,,0,0,過疎:大島村,地域要件確認表による
40221,福岡県,太宰府市,都市地域,該当なし,,,0,0,,地域要件確認表による
40223,福岡県,古賀市,都市地域,該当なし,,,0,0,,地域要件確認表による
40224,福岡県,福津市,都市地域,該当なし,,,0,0,,地域要件確認表による
40225,福岡県,うきは市,一部条件不利地域,該当なし,過疎|山村|離島|半島,,0,0,過疎:浮羽町,地域要件確認表による
40226,福岡県,宮若市,一部条件不利地域,該当なし,過疎|山村|離島|半島,,0,0,,地域要件確認表による
40227,福岡県,嘉麻市,全部条件不利地域,該当なし,,,0,0,,地域要件確認表による
40228,福岡県,朝倉市,一部条件不利地域,該当なし,過疎|山村|離島|半島,,0,0,過疎:杷木町・朝倉町,地域要件確認表による
40229,福岡県,みやま市,全部条件不利地域,該当なし,,,0,0,,地域要件確認表による
40230,福岡県,糸島市,一部条件不利地域,該当なし,過疎|山村|離島|半島,,0,0,,地域要件確認表による
40231,福岡県,那珂川市,一部条件不利地域,該当なし,過疎|山村|離島|半島,,0,0,,地域要件確認表による
40341,福岡県,宇美町,都市地域,該当なし,,,0,0,,地域要件確認表による
40342,福岡県,篠栗町,都市地域,該当なし,,,0,0,,地域要件確認表による
40343,福岡県,志免町,都市地域,該当なし,,,0,0,,地域要件確認表による
40344,福岡県,須恵町,都市地域,該当なし,,,0,0,,地域要件確認表による
40345,福岡県,新宮町,一部条件不利地域,該当なし,過疎|山村|離島|半島,,0,0,,地域要件確認表による
40348,福岡県,久山町,都市地域,該当なし,,,0,0,,地域要件確認表による
40349,福岡県,粕屋町,都市地域,該当なし,,,0,0,,地域要件確認表による
40381,福岡県,芦屋町,全部条件不利地域,該当なし,,,0,0,,地域要件確認表による
40382,福岡県,水巻町,都市地域,該当なし,,,0,0,,地域要件確認表による
40383,福岡県,岡垣町,都市地域,該当なし,,,0,0,,地域要件確認表による
40384,福岡県,遠賀町,都市地域,該当なし,,,0,0,,地域要件確認表による
40401,福岡県,小竹町,全部条件不利地域,該当なし,,,0,0,,地域要件確認表による
40402,福岡県,鞍手町,全部条件不利地域,該当なし,,,0,0,,地域要件確認表による
40421,福岡県,桂川町,都市地域,該当なし,,,0,0,,地域要件確認表による
40447,福岡県,筑前町,都市地域,該当なし,,,0,0,,地域要件確認表による
40448,福岡県,東峰村,全部条件不利地域,該当なし,,,0,0,,地域要件確認表による
40503,福岡県,大刀洗町,都市地域,該当なし,,,0,0,,地域要件確認表による
40522,福岡県,大木町,都市地域,該当なし,,,0,0,,地域要件確認表による
40544,福岡県,広川町,都市地域,該当なし,,,0,0,,地域要件確認表による
40601,福岡県,香春町,全部条件不利地域,該当なし,,,0,0,,地域要件確認表による
40602,福岡県,添田町,全部条件不利地域,該当なし,,,0,0,,地域要件確認表による
40604,福岡県,糸田町,全部条件不利地域,該当なし,,,0,0,,地域要件確認表による
40605,福岡県,川崎町,全部条件不利地域,該当なし,,,0,0,,地域要件確認表による
40608,福岡県,大任町,全部条件不利地域,該当なし,,,0,0,,地域要件確認表による
40609,福岡県,赤村,全部条件不利地域,該当なし,,,0,0,,地域要件確認表による
40610,福岡県,福智町,全部条件不利地域,該当なし,,,0,0,,地域要件確認表による
40621,福岡県,苅田町,都市地域,該当なし,,,0,0,,地域要件確認表による
40625,福岡県,みやこ町,全部条件不利地域,該当なし,,,0,0,,地域要件確認表による
40642,福岡県,吉富町,都市地域,該当なし,,,0,0,,地域要件確認表による
40646,福岡県,上毛町,全部条件不利地域,該当なし,,,0,0,,地域要件確認表による
40647,福岡県,築上町,全部条件不利地域,該当なし,,,0,0,,地域要件確認表による
41201,佐賀県,佐賀市,一部条件不利地域,該当なし,過疎|山村|離島|半島,,0,0,過疎:富士町・三瀬村,地域要件確認表による
41202,佐賀県,唐津市,一部条件不利地域,該当なし,過疎|山村|離島|半島,,0,0,過疎:七山村・厳木町・相知町・肥前町・鎮西町・呼子町,地域要件確認表による
41203,佐賀県,鳥栖市,都市地域,該当なし,,,0,0,,地域要件確認表による
41204,佐賀県,多久市,全部条件不利地域,該当なし,,,0,0,,地域要件確認表による
41205,佐賀県,伊万里市,全部条件不利地域,該当なし,,,0,0,,地域要件確認表による
41206,佐賀県,武雄市,一部条件不利地域,該当なし,過疎|山村|離島|半島,,0,0,過疎:北方町,地域要件確認表による
41207,佐賀県,鹿島市,都市地域,該当なし,,,0,0,,地域要件確認表による
41208,佐賀県,小城市,一部条件不利地域,該当なし,過疎|山村|離島|半島,,0,0,過疎:芦刈町,地域要件確認表による
41209,佐賀県,嬉野市,都市地域,該当なし,,,0,0,,地域要件確認表による
41210,佐賀県,神埼市,一部条件不利地域,該当なし,過疎|山村|離島|半島,,0,0,過疎:脊振村,地域要件確認表による
41327,佐賀県,吉野ヶ里町,都市地域,該当なし,,,0,0,,地域要件確認表による
41341,佐賀県,基山町,都市地域,該当なし,,,0,0,,地域要件確認表による
41345,佐賀県,上峰町,都市地域,該当なし,,,0,0,,地域要件確認表による
41346,佐賀県,みやき町,都市地域,該当なし,,,0,0,,地域要件確認表による
41387,佐賀県,玄海町,全部条件不利地域,該当なし,,,0,0,,地域要件確認表による
41401,佐賀県,有田町,一部条件不利地域,該当なし,過疎|山村|離島|半島,,0,0,過疎:有田町,地域要件確認表による
41423,佐賀県,大町町,全部条件不利地域,該当なし,,,0,0,,地域要件確認表による
41424,佐賀県,江北町,全部条件不利地域,該当なし,,,0,0,,地域要件確認表による
41425,佐賀県,白石町,全部条件不利地域,該当なし,,,0,0,,地域要件確認表による
41441,佐賀県,太良町,全部条件不利地域,該当なし,,,0,0,,地域要件確認表による
42201,長崎県,長崎市,一部条件不利地域,該当なし,過疎|山村|離島|半島,,0,0,過疎:香焼町・伊王島町・高島町・野母崎町・外海町・三和町,地域要件確認表による
42202,長崎県,佐世保市,一部条件不利地域,該当なし,過疎|山村|離島|半島,,0,0,過疎:宇久町・江迎町・鹿町町・小佐々町・吉井町・世知原町,地域要件確認表による
42203,長崎県,島原市,全部条件不利地域,該当なし,,,0,0,,地域要件確認表による
42204,長崎県,諫早市,一部条件不利地域,該当なし,過疎|山村|離島|半島,,0,0,過疎:小長井町,地域要件確認表による
42205,長崎県,大村市,都市地域,該当なし,,,0,0,,地域要件確認表による
42207,長崎県,平戸市,全部条件不利地域,該当なし,,,0,0,,地域要件確認表による
42208,長崎県,松浦市,全部条件不利地域,該当なし,,,0,0,,地域要件確認表による
42209,長崎県,対馬市,全部条件不利地域,該当なし,,,0,0,,地域要件確認表による
42210,長崎県,壱岐市,全部条件不利地域,該当なし,,,0,0,,地域要件確認表による
42211,長崎県,五島市,全部条件不利地域,該当なし,,,0,0,,地域要件確認表による
42212,長崎県,西海市,全部条件不利地域,該当なし,,,0,0,,地域要件確認表による
42213,長崎県,雲仙市,全部条件不利地域,該当なし,,,0,0,,地域要件確認表による
42214,長崎県,南島原市,全部条件不利地域,該当なし,,,0,0,,地域要件確認表による
42307,長崎県,長与町,都市地域,該当なし,,,0,0,,地域要件確認表による
42308,長崎県,時津町,都市地域,該当なし,,,0,0,,地域要件確認表による
42321,長崎県,東彼杵町,全部条件不利地域,該当なし,,,0,0,,地域要件確認表による
42322,長崎県,川棚町,都市地域,該当なし,,,0,0,,地域要件確認表による
42323,長崎県,波佐見町,都市地域,該当なし,,,0,0,,地域要件確認表による
42383,長崎県,小値賀町,全部条件不利地域,該当なし,,,0,0,,地域要件確認表による
42391,長崎県,佐々町,全部条件不利地域,該当なし,,,0,0,,地域要件確認表による
42411,長崎県,新上五島町,全部条件不利地域,該当なし,,,0,0,,地域要件確認表による
43100,熊本県,熊本市,都市地域,条件不利地域を含まない,,,0,0,,地域要件確認表による
43202,熊本県,八代市,一部条件不利地域,該当なし,過疎|山村|離島|半島,,0,0,過疎:坂本村・東陽村・泉村・鏡町,地域要件確認表による
43203,熊本県,人吉市,全部条件不利地域,該当なし,,,0,0,,地域要件確認表による
43204,熊本県,荒尾市,都市地域,該当なし,,,0,0,,地域要件確認表による
43205,熊本県,水俣市,全部条件不利地域,該当なし,,,0,0,,地域要件確認表による
43206,熊本県,玉名市,一部条件不利地域,該当なし,過疎|山村|離島|半島,,0,0,過疎:天水町,地域要件確認表による
43208,熊本県,山鹿市,全部条件不利地域,該当なし,,,0,0,,地域要件確認表による
43210,熊本県,菊池市,一部条件不利地域,該当なし,過疎|山村|離島|半島,,0,0,過疎:旭志村,地域要件確認表による
43211,熊本県,宇土市,全部条件不利地域,該当なし,,,0,0,,地域要件確認表による
43212,熊本県,上天草市,全部条件不利地域,該当なし,,,0,0,,地域要件確認表による
43213,熊本県,宇城市,一部条件不利地域,該当なし,過疎|山村|離島|半島,,0,0,過疎:三角町・豊野町,地域要件確認表による
43214,熊本県,阿蘇市,全部条件不利地域,該当なし,,,0,0,,地域要件確認表による
43215,熊本県,天草市,全部条件不利地域,該当なし,,,0,0,,地域要件確認表による
43216,熊本県,合志市,都市地域,該当なし,,,0,0,,地域要件確認表による
43348,熊本県,美里町,全部条件不利地域,該当なし,,,0,0,,地域要件確認表による
43364,熊本県,玉東町,都市地域,該当なし,,,0,0,,地域要件確認表による
43367,熊本県,南関町,全部条件不利地域,該当なし,,,0,0,,地域要件確認表による
43368,熊本県,長洲町,都市地域,該当なし,,,0,0,,地域要件確認表による
43369,熊本県,和水町,全部条件不利地域,該当なし,,,0,0,,地域要件確認表による
43403,熊本県,大津町,一部条件不利地域,該当なし,過疎|山村|離島|半島,,0,0,,地域要件確認表による
43404,熊本県,菊陽町,都市地域,該当なし,,,0,0,,地域要件確認表による
43423,熊本県,南小国町,全部条件不利地域,該当なし,,,0,0,,地域要件確認表による
43424,熊本県,小国町,全部条件不利地域,該当なし,,,0,0,,地域要件確認表による
43425,熊本県,産山村,全部条件不利地域,該当なし,,,0,0,,地域要件確認表による
43428,熊本県,高森町,全部条件不利地域,該当なし,,,0,0,,地域要件確認表による
43432,熊本県,西原村,一部条件不利地域,該当なし,過疎|山村|離島|半島,,0,0,,地域要件確認表による
43433,熊本県,南阿蘇村,全部条件不利地域,該当なし,,,0,0,,地域要件確認表による
43441,熊本県,御船町,都市地域,該当なし,,,0,0,,地域要件確認表による
43442,熊本県,嘉島町,都市地域,該当なし,,,0,0,,地域要件確認表による
43443,熊本県,益城町,都市地域,該当なし,,,0,0,,地域要件確認表による
43444,熊本県,甲佐町,全部条件不利地域,該当なし,,,0,0,,地域要件確認表による
43447,熊本県,山都町,全部条件不利地域,該当なし,,,0,0,,地域要件確認表による
43468,熊本県,氷川町,一部条件不利地域,該当なし,過疎|山村|離島|半島,,0,0,過疎:竜北町,地域要件確認表による
43482,熊本県,芦北町,全部条件不利地域,該当なし,,,0,0,,地域要件確認表による
43484,熊本県,津奈木町,全部条件不利地域,該当なし,,,0,0,,地域要件確認表による
43501,熊本県,錦町,都市地域,該当なし,,,0,0,,地域要件確認表による
43505,熊本県,多良木町,全部条件不利地域,該当なし,,,0,0,,地域要件確認表による
43506,熊本県,湯前町,全部条件不利地域,該当なし,,,0,0,,地域要件確認表による
43507,熊本県,水上村,全部条件不利地域,該当なし,,,0,0,,地域要件確認表による
43510,熊本県,相良村,全部条件不利地域,該当なし,,,0,0,,地域要件確認表による
43511,熊本県,五木村,全部条件不利地域,該当なし,,,0,0,,地域要件確認表による
43512,熊本県,山江村,全部条件不利地域,該当なし,,,0,0,,地域要件確認表による
43513,熊本県,球磨村,全部条件不利地域,該当なし,,,0,0,,地域要件確認表による
43514,熊本県,あさぎり町,全部条件不利地域,該当なし,,,0,0,,地域要件確認表による
43531,熊本県,苓北町,全部条件不利地域,該当なし,,,0,0,,地域要件確認表による
44201,大分県,大分市,一部条件不利地域,該当なし,過疎|山村|離島|半島,,0,0,,地域要件確認表による|過疎法の経過措置を受ける卒業団体
44202,大分県,別府市,都市地域,該当なし,,,0,0,,地域要件確認表による
44203,大分県,中津市,一部条件不利地域,該当なし,過疎|山村|離島|半島,,0,0,過疎:三光村・本耶馬渓町・耶馬溪町・山国町,地域要件確認表による
44204,大分県,日田市,全部条件不利地域,該当なし,,,0,0,,地域要件確認表による
44205,大分県,佐伯市,全部条件不利地域,該当なし,,,0,0,,地域要件確認表による
44206,大分県,臼杵市,全部条件不利地域,該当なし,,,0,0,,地域要件確認表による
44207,大分県,津久見市,全部条件不利地域,該当なし,,,0,0,,地域要件確認表による
44208,大分県,竹田市,全部条件不利地域,該当なし,,,0,0,,地域要件確認表による
44209,大分県,豊後高田市,全部条件不利地域,該当なし,,,0,0,,地域要件確認表による
44210,大分県,杵築市,全部条件不利地域,該当なし,,,0,0,,地域要件確認表による
44211,大分県,宇佐市,全部条件不利地域,該当なし,,,0,0,,地域要件確認表による
44212,大分県,豊後大野市,全部条件不利地域,該当なし,,,0,0,,地域要件確認表による
44213,大分県,由布市,一部条件不利地域,該当なし,過疎|山村|離島|半島,,0,0,過疎:庄内町,地域要件確認表による
44214,大分県,国東市,全部条件不利地域,該当なし,,,0,0,,地域要件確認表による
44322,大分県,姫島村,全部条件不利地域,該当なし,,,0,0,,地域要件確認表による
44341,大分県,日出町,全部条件不利地域,該当なし,,,0,0,,地域要件確認表による
44461,大分県,九重町,全部条件不利地域,該当なし,,,0,0,,地域要件確認表による
44462,大分県,玖珠町,全部条件不利地域,該当なし,,,0,0,,地域要件確認表による
45201,宮崎県,宮崎市,都市地域,該当なし,,,0,0,,地域要件確認表による
45202,宮崎県,都城市,一部条件不利地域,該当なし,過疎|山村|離島|半島,,0,0,過疎:高城町・高崎町・山之口町・山田町,地域要件確認表による
45203,宮崎県,延岡市,一部条件不利地域,該当なし,過疎|山村|離島|半島,,0,0,過疎:北方町・北川町・北浦町,地域要件確認表による
45204,宮崎県,日南市,全部条件不利地域,該当なし,,,0,0,,地域要件確認表による
45205,宮崎県,小林市,一部条件不利地域,該当なし,過疎|山村|離島|半島,,0,0,過疎:野尻町・須木村,地域要件確認表による
45206,宮崎県,日向市,一部条件不利地域,該当なし,過疎|山村|離島|半島,,0,0,過疎:東郷町,地域要件確認表による
45207,宮崎県,串間市,全部条件不利地域,該当なし,,,0,0,,地域要件確認表による
45208,宮崎県,西都市,一部条件不利地域,該当なし,過疎|山村|離島|半島,,0,0,,地域要件確認表による
45209,宮崎県,えびの市,全部条件不利地域,該当なし,,,0,0,,地域要件確認表による
45341,宮崎県,三股町,都市地域,該当なし,,,0,0,,地域要件確認表による
45361,宮崎県,高原町,全部条件不利地域,該当なし,,,0,0,,地域要件確認表による
45382,宮崎県,国富町,都市地域,該当なし,,,0,0,,地域要件確認表による
45383,宮崎県,綾町,全部条件不利地域,該当なし,,,0,0,,地域要件確認表による
45401,宮崎県,高鍋町,都市地域,該当なし,,,0,0,,地域要件確認表による
45402,宮崎県,新富町,都市地域,該当なし,,,0,0,,地域要件確認表による
45403,宮崎県,西米良村,全部条件不利地域,該当なし,,,0,0,,地域要件確認表による
45404,宮崎県,木城町,全部条件不利地域,該当なし,,,0,0,,地域要件確認表による|過疎法の経過措置を受ける卒業団体
45405,宮崎県,川南町,都市地域,該当なし,,,0,0,,地域要件確認表による
45406,宮崎県,都農町,全部条件不利地域,該当なし,,,0,0,,地域要件確認表による
45421,宮崎県,門川町,都市地域,該当なし,,,0,0,,地域要件確認表による
45429,宮崎県,諸塚村,全部条件不利地域,該当なし,,,0,0,,地域要件確認表による
45430,宮崎県,椎葉村,全部条件不利地域,該当なし,,,0,0,,地域要件確認表による
45431,宮崎県,美郷町,全部条件不利地域,該当なし,,,0,0,,地域要件確認表による
45441,宮崎県,高千穂町,全部条件不利地域,該当なし,,,0,0,,地域要件確認表による
45442,宮崎県,日之影町,全部条件不利地域,該当なし,,,0,0,,地域要件確認表による
45443,宮崎県,五ヶ瀬町,全部条件不利地域,該当なし,,,0,0,,地域要件確認表による
46201,鹿児島県,鹿児島市,一部条件不利地域,該当なし,過疎|山村|離島|半島,,0,0,,地域要件確認表による|過疎法の経過措置を受ける卒業団体
46203,鹿児島県,鹿屋市,全部条件不利地域,該当なし,,,0,0,過疎:輝北町・吾平町,地域要件確認表による
46204,鹿児島県,枕崎市,全部条件不利地域,該当なし,,,0,0,,地域要件確認表による
46206,鹿児島県,阿久根市,全部条件不利地域,該当なし,,,0,0,,地域要件確認表による
46208,鹿児島県,出水市,一部条件不利地域,該当なし,過疎|山村|離島|半島,,0,0,過疎:野田町,地域要件確認表による
46210,鹿児島県,指宿市,全部条件不利地域,該当なし,,,0,0,,地域要件確認表による
46213,鹿児島県,西之表市,全部条件不利地域,該当なし,,,0,0,,地域要件確認表による
46214,鹿児島県,垂水市,全部条件不利地域,該当なし,,,0,0,,地域要件確認表による
46215,鹿児島県,薩摩川内市,一部条件不利地域,該当なし,過疎|山村|離島|半島,,0,0,過疎:樋脇町・入来町・東郷町・祁答院町・里村・上甑村・下甑,地域要件確認表による
46216,鹿児島県,日置市,全部条件不利地域,該当なし,,,0,0,過疎:東市来町・日吉町・吹上町,地域要件確認表による
46217,鹿児島県,曽於市,全部条件不利地域,該当なし,,,0,0,,地域要件確認表による
46218,鹿児島県,霧島市,一部条件不利地域,該当なし,過疎|山村|離島|半島,,0,0,過疎:横川町・牧園町・霧島町・福山町,地域要件確認表による
46219,鹿児島県,いちき串木野市,全部条件不利地域,該当なし,,,0,0,,地域要件確認表による
46220,鹿児島県,南さつま市,全部条件不利地域,該当なし,,,0,0,,地域要件確認表による
46221,鹿児島県,志布志市,全部条件不利地域,該当なし,,,0,0,,地域要件確認表による
46222,鹿児島県,奄美市,全部条件不利地域,該当なし,,,0,0,,地域要件確認表による
46223,鹿児島県,南九州市,全部条件不利地域,該当なし,,,0,0,,地域要件確認表による
46224,鹿児島県,伊佐市,全部条件不利地域,該当なし,,,0,0,,地域要件確認表による
46225,鹿児島県,姶良市,一部条件不利地域,該当なし,過疎|山村|離島|半島,,0,0,過疎:蒲生町,地域要件確認表による
46303,鹿児島県,三島村,全部条件不利地域,該当なし,,,0,0,,地域要件確認表による
46304,鹿児島県,十島村,全部条件不利地域,該当なし,,,0,0,,地域要件確認表による
46392,鹿児島県,さつま町,全部条件不利地域,該当なし,,,0,0,,地域要件確認表による
46404,鹿児島県,長島町,全部条件不利地域,該当なし,,,0,0,,地域要件確認表による
46452,鹿児島県,湧水町,全部条件不利地域,該当なし,,,0,0,,地域要件確認表による
46468,鹿児島県,大崎町,全部条件不利地域,該当なし,,,0,0,,地域要件確認表による
46482,鹿児島県,東串良町,全部条件不利地域,該当なし,,,0,0,,地域要件確認表による
46490,鹿児島県,錦江町,全部条件不利地域,該当なし,,,0,0,,地域要件確認表による
46491,鹿児島県,南大隅町,全部条件不利地域,該当なし,,,0,0,,地域要件確認表による
46492,鹿児島県,肝付町,全部条件不利地域,該当なし,,,0,0,,地域要件確認表による
46501,鹿児島県,中種子町,全部条件不利地域,該当なし,,,0,0,,地域要件確認表による
46502,鹿児島県,南種子町,全部条件不利地域,該当なし,,,0,0,,地域要件確認表による
46505,鹿児島県,屋久島町,全部条件不利地域,該当なし,,,0,0,,地域要件確認表による
46523,鹿児島県,大和村,全部条件不利地域,該当なし,,,0,0,,地域要件確認表による
46524,鹿児島県,宇検村,全部条件不利地域,該当なし,,,0,0,,地域要件確認表による
46525,鹿児島県,瀬戸内町,全部条件不利地域,該当なし,,,0,0,,地域要件確認表による
46527,鹿児島県,龍郷町,全部条件不利地域,該当なし,,,0,0,,地域要件確認表による
46529,鹿児島県,喜界町,全部条件不利地域,該当なし,,,0,0,,地域要件確認表による
46530,鹿児島県,徳之島町,全部条件不利地域,該当なし,,,0,0,,地域要件確認表による
46531,鹿児島県,天城町,全部条件不利地域,該当なし,,,0,0,,地域要件確認表による
46532,鹿児島県,伊仙町,全部条件不利地域,該当なし,,,0,0,,地域要件確認表による
46533,鹿児島県,和泊町,全部条件不利地域,該当なし,,,0,0,,地域要件確認表による
46534,鹿児島県,知名町,全部条件不利地域,該当なし,,,0,0,,地域要件確認表による
46535,鹿児島県,与論町,全部条件不利地域,該当なし,,,0,0,,地域要件確認表による
47201,沖縄県,那覇市,全部条件不利地域,該当なし,,,0,0,,地域要件確認表による
47205,沖縄県,宜野湾市,全部条件不利地域,該当なし,,,0,0,,地域要件確認表による
47207,沖縄県,石垣市,全部条件不利地域,該当なし,,,0,0,,地域要件確認表による
47208,沖縄県,浦添市,全部条件不利地域,該当なし,,,0,0,,地域要件確認表による
47209,沖縄県,名護市,全部条件不利地域,該当なし,,,0,0,,地域要件確認表による
47210,沖縄県,糸満市,全部条件不利地域,該当なし,,,0,0,,地域要件確認表による
47211,沖縄県,沖縄市,全部条件不利地域,該当なし,,,0,0,,地域要件確認表による
47212,沖縄県,豊見城市,全部条件不利地域,該当なし,,,0,0,,地域要件確認表による
47213,沖縄県,うるま市,全部条件不利地域,該当なし,,,0,0,,地域要件確認表による
47214,沖縄県,宮古島市,全部条件不利地域,該当なし,,,0,0,,地域要件確認表による
47215,沖縄県,南城市,全部条件不利地域,該当なし,,,0,0,過疎:知念村,地域要件確認表による
47301,沖縄県,国頭村,全部条件不利地域,該当なし,,,0,0,,地域要件確認表による
47302,沖縄県,大宜味村,全部条件不利地域,該当なし,,,0,0,,地域要件確認表による
47303,沖縄県,東村,全部条件不利地域,該当なし,,,0,0,,地域要件確認表による
47306,沖縄県,今帰仁村,全部条件不利地域,該当なし,,,0,0,,地域要件確認表による
47308,沖縄県,本部町,全部条件不利地域,該当なし,,,0,0,,地域要件確認表による
47311,沖縄県,恩納村,全部条件不利地域,該当なし,,,0,0,,地域要件確認表による
47313,沖縄県,宜野座村,全部条件不利地域,該当なし,,,0,0,,地域要件確認表による
47314,沖縄県,金武町,全部条件不利地域,該当なし,,,0,0,,地域要件確認表による
47315,沖縄県,伊江村,全部条件不利地域,該当なし,,,0,0,,地域要件確認表による
47324,沖縄県,読谷村,全部条件不利地域,該当なし,,,0,0,,地域要件確認表による
47325,沖縄県,嘉手納町,全部条件不利地域,該当なし,,,0,0,,地域要件確認表による
47326,沖縄県,北谷町,全部条件不利地域,該当なし,,,0,0,,地域要件確認表による
47327,沖縄県,北中城村,全部条件不利地域,該当なし,,,0,0,,地域要件確認表による
47328,沖縄県,中城村,全部条件不利地域,該当なし,,,0,0,,地域要件確認表による
47329,沖縄県,西原町,全部条件不利地域,該当なし,,,0,0,,地域要件確認表による
47348,沖縄県,与那原町,全部条件不利地域,該当なし,,,0,0,,地域要件確認表による
47350,沖縄県,南風原町,全部条件不利地域,該当なし,,,0,0,,地域要件確認表による
47353,沖縄県,渡嘉敷村,全部条件不利地域,該当なし,,,0,0,,地域要件確認表による
47354,沖縄県,座間味村,全部条件不利地域,該当なし,,,0,0,,地域要件確認表による
47355,沖縄県,粟国村,全部条件不利地域,該当なし,,,0,0,,地域要件確認表による
47356,沖縄県,渡名喜村,全部条件不利地域,該当なし,,,0,0,,地域要件確認表による
47357,沖縄県,南大東村,全部条件不利地域,該当なし,,,0,0,,地域要件確認表による
47358,沖縄県,北大東村,全部条件不利地域,該当なし,,,0,0,,地域要件確認表による|過疎法の経過措置を受ける卒業団体
47359,沖縄県,伊平屋村,全部条件不利地域,該当なし,,,0,0,,地域要件確認表による
47360,沖縄県,伊是名村,全部条件不利地域,該当なし,,,0,0,,地域要件確認表による
47361,沖縄県,久米島町,全部条件不利地域,該当なし,,,0,0,,地域要件確認表による
47362,沖縄県,八重瀬町,全部条件不利地域,該当なし,,,0,0,,地域要件確認表による
47375,沖縄県,多良間村,全部条件不利地域,該当なし,,,0,0,,地域要件確認表による
47381,沖縄県,竹富町,全部条件不利地域,該当なし,,,0,0,,地域要件確認表による|過疎法の経過措置を受ける卒業団体
47382,沖縄県,与那国町,全部条件不利地域,該当なし,,,0,0,,地域要件確認表による
